GEOID,bias_base,best_model,best_bias,imp_share_pct
01001,4913.935949999999,CSB_field_modal,4006.5643499999983,18.46527120484752
01003,33377.507925000005,MMU_15ac_nb4_w3_iter3,31722.666729999997,4.9579531183648315
01025,1311.492845,MMU_25ac_nb4_w3_iter3,776.1290200000001,40.82094896979785
01049,5848.649899999999,MMU_5ac_nb8_w3_iter3,5135.651529999999,12.190819799283934
01057,8182.24638,CSB_field_modal,7636.044260000001,6.675454326761545
01073,1080.82572,MMU_1ac_nb8_w3_iter3,565.16797,47.709611314579014
01097,3663.97642,MMU_2ac_nb8_w3_iter3,2823.5457149999993,22.93766685867483
01101,5377.966985,MMU_35ac_nb4_w3_iter3,5076.844155000001,5.599194469580772
01131,1525.3183700000004,MMU_35ac_nb4_w3_iter3,318.8288150000001,79.09755620395498
04001,4288.5521,Baseline,4288.5521,-0.13483035451522035
04007,190.4588,Baseline,190.4588,-16.697829136800195
04012,9664.985685,MMU_25ac_nb4_w3_iter3,5144.807310000006,46.768598757629654
04013,51460.51671500001,MMU_25ac_nb4_w3_iter3,34823.33861,32.32998649652212
05015,160.22549,MMU_5ac_nb4_w3_iter3,137.5412,14.157728586131954
05019,6070.86984,MMU_35ac_nb4_w3_iter3,4134.921365,31.889144818166617
05029,4286.782550000002,MMU_5ac_nb8_w9_iter3,4080.844780000002,4.804017176005333
05069,7937.837285,CSB_field_modal,2941.3024600000017,62.94579550580947
05073,6731.427530000002,MMU_35ac_nb4_w3_iter3,3574.7529000000022,46.894579432544205
05093,56034.71367500005,Baseline,56034.71367500005,-0.6266859986770223
05107,60281.91954000001,MMU_15ac_nb4_w3_iter3,59628.96782,1.083163450969315
05117,26474.886020000005,CSB_field_modal,20753.641275000013,21.61008262954551
05131,601.9374250000002,MMU_35ac_nb4_w9_iter3,591.452775,1.7418172661386209
05145,30088.196725000005,MMU_35ac_nb4_w3_iter3,20805.874215,30.85037828899666
06007,11781.802349999998,CSB_field_modal,9704.916855000014,17.62790983333703
06009,1631.902185,CSB_field_modal,1540.49784,5.601092138987481
06011,79755.60861000002,MMU_35ac_nb4_w3_iter3,69898.83981500001,12.35871553961678
06017,3985.504,Baseline,3985.504,-10.13903674416085
06019,106439.15669000005,MMU_35ac_nb4_w3_iter3,49004.09117500011,53.960466524812254
06023,2260.780595,MMU_35ac_nb4_w3_iter3,1944.979695,13.96866642868544
06033,9505.16917,Baseline,9505.16917,-1.2985484297277352
06037,18725.613045,CSB_field_modal,18724.05628,0.00831355959487188
06045,5955.0638500000005,CSB_field_modal,5316.34541,10.725635460650862
06053,212243.724045,CSB_field_modal,205488.253525,3.18288352242052
06083,59783.952285,CSB_field_modal,56834.327399999995,4.933807104185164
06097,16748.207445,CSB_field_modal,12149.078844999996,27.46042294438516
06113,37530.63993500003,MMU_35ac_nb4_w3_iter3,18000.355825000017,52.03823900638213
08023,9041.85343,MMU_35ac_nb4_w3_iter3,5131.259750000001,43.24991231360847
08037,6914.834075,MMU_35ac_nb4_w3_iter3,3505.7411200000006,49.30115340475468
08043,304.12785499999995,CSB_field_modal,253.86658500000004,16.526361914465184
08053,387.634485,MMU_25ac_nb4_w3_iter3,83.842915,78.37062535857717
08057,2.446345,MMU_15ac_nb4_w3_iter3,0,100
08067,13432.26256,MMU_35ac_nb8_w3_iter3,923.762095000001,93.12281091235609
08091,69.26273499999999,Baseline,69.26273499999999,-239.57079517578973
08111,1.77916,MMU_15ac_nb4_w3_iter3,0,100
09009,2282.194255,MMU_1ac_nb8_w3_iter1,1923.47112,15.718343616634863
12009,6293.230945,MMU_35ac_nb4_w3_iter3,1827.76174,70.95670322646963
12023,4532.074890000001,MMU_35ac_nb4_w3_iter3,1422.4192350000003,68.61439253489476
12031,1087.354495,MMU_35ac_nb8_w9_iter3,522.2364200000001,51.97183417170682
12041,9116.070165,MMU_35ac_nb8_w3_iter3,6564.7448349999995,27.98711817506069
12045,1045.70129,MMU_25ac_nb4_w9_iter3,360.057505,65.56784347086345
12071,16418.61791,MMU_35ac_nb4_w3_iter3,3704.5181550000007,77.43708894800635
12093,6372.703080000001,MMU_35ac_nb4_w3_iter3,1880.546475,70.49059949298628
12097,14807.305745,MMU_35ac_nb4_w3_iter3,2965.4391800000008,79.9731346737313
12103,270.41985,MMU_1ac_nb8_w3_iter3,53.164875,80.33987704674787
12105,77432.98254499999,MMU_35ac_nb4_w3_iter3,27881.597384999997,63.9926082289331
12107,3306.011615,MMU_35ac_nb4_w9_iter3,313.0222199999996,90.53172654990809
12121,4234.173304999999,CSB_field_modal,3296.91646,22.13553337302521
12123,1000.340485,MMU_25ac_nb4_w3_iter3,76.066865,92.39590258110968
12125,957.2581,MMU_35ac_nb4_w3_iter3,800.0248349999999,16.425378380188164
13001,10202.586755,Baseline,10202.586755,-23.240924551197324
13007,9237.618145000004,MMU_35ac_nb4_w3_iter3,4204.4994849999985,54.48502612899467
13025,2603.065085,MMU_5ac_nb4_w3_iter3,2093.56146,19.573218815617896
13029,3837.43039,MMU_35ac_nb4_w9_iter3,1714.44772,55.32302750122329
13051,111.864685,MMU_15ac_nb4_w9_iter3,8.673404999999999,92.2465208747515
13139,2358.475965,CSB_field_modal,2324.00474,1.4615889884635758
13143,628.648465,MMU_15ac_nb4_w3_iter3,412.18971,34.432400149104
13153,14843.562455,MMU_5ac_nb8_w3_iter3,11301.259175,23.86423940168613
13205,23397.826690000013,MMU_25ac_nb4_w9_iter3,5936.260870000002,74.62900743453622
13209,3074.761200000001,MMU_1ac_nb8_w3_iter3,2748.626485,10.606830702820131
13215,132.10263,MMU_15ac_nb4_w3_iter3,3.55832,97.30639730639732
13219,456.57381,MMU_1ac_nb8_w3_iter3,336.48679000000004,26.30177582897275
13229,5743.760810000001,Baseline,5743.760810000001,-10.126600136052682
13263,153.50853,MMU_1ac_nb8_w3_iter1,71.77760500000001,53.241943623588874
13267,9024.687705000002,MMU_35ac_nb4_w3_iter3,5181.337024999999,42.58707675691258
13291,381.107325,CSB_field_modal,366.874045,3.7347169855630504
16003,6207.947595,CSB_field_modal,6082.516815,2.020487094656288
16005,11987.738774999998,MMU_5ac_nb4_w3_iter3,6005.758065000002,49.900826354968665
16013,13956.896680000002,MMU_35ac_nb4_w3_iter3,6809.566170000002,51.21002665472192
16023,8341.425310000002,MMU_25ac_nb8_w9_iter3,8084.114294999999,3.0847367858287864
16025,28884.12287,MMU_25ac_nb4_w3_iter3,24524.068895000004,15.094984862872492
16031,65935.09125,MMU_35ac_nb4_w3_iter3,52829.79869000001,19.87605129764644
16035,6478.800295000001,MMU_35ac_nb4_w3_iter3,3946.166035,39.09109934989901
16041,4555.897274999999,MMU_5ac_nb8_w9_iter3,3372.234919999999,25.980883315680128
16043,18762.051244999995,CSB_field_modal,15632.268219999998,16.68145441098329
16049,10999.553475000008,Baseline,10999.553475000008,-13.01491549864934
16061,1055.678325000008,Baseline,1055.678325000008,-73.02496051531486
17003,7853.692775,Baseline,7853.692775,-1.8887607301394649
17017,5854.85834500001,MMU_2ac_nb8_w3_iter3,5796.590854999993,0.99519897094994
17027,72583.853175,CSB_field_modal,58786.46737499999,19.00889136697447
17043,3474.66391,MMU_35ac_nb4_w3_iter3,2656.6951,23.540947590525388
17109,28683.90357,CSB_field_modal,28324.513249999993,1.2529337895832506
17125,20482.434409999987,Baseline,20482.434409999987,-2.567879210408812
17153,8067.23374,MMU_15ac_nb4_w3_iter3,7257.493544999999,10.037395978562538
18003,25382.559314999984,CSB_field_modal,15511.334844999996,38.889791795607174
18051,75918.65161,CSB_field_modal,64198.657505,15.4375688404037
18061,18999.462105,CSB_field_modal,12983.010169999996,31.666432985051102
18071,9449.254615000003,MMU_15ac_nb8_w3_iter3,8746.486415000003,7.437287157914112
18103,11771.339805000014,MMU_35ac_nb4_w3_iter3,7520.704170000015,36.110041043879235
18123,351.31151499999817,Baseline,351.31151499999817,-126.73504026761084
18131,22673.021234999997,Baseline,22673.021234999997,-4.197183053535876
18179,3297.5498250000073,MMU_5ac_nb4_w3_iter3,2475.5779050000015,24.92674754353421
19029,47900.18222500002,MMU_35ac_nb4_w3_iter3,41246.568615,13.890580997680148
19107,6006.404609999994,Baseline,6006.404609999994,-3.136128470039991
19189,9741.702144999994,CSB_field_modal,7531.985424999993,22.683065927386796
20093,24277.05416499999,CSB_field_modal,19775.33457499999,18.54310477459036
20123,5983.619514999977,MMU_5ac_nb8_w3_iter3,2867.052959999991,52.08497210070347
20187,3326.7807700000053,Baseline,3326.7807700000053,-16.135827760000353
21005,3690.867915,CSB_field_modal,3678.63619,0.3314051134230272
21029,3828.450055,CSB_field_modal,3092.9897899999996,19.210392049897074
21049,10378.36897,Baseline,10378.36897,-1.2535792028215011
21059,33959.34805499999,CSB_field_modal,22908.318109999986,32.541937869660934
21063,524.83671,Baseline,524.83671,-4.237413194667724
21093,18132.329394999997,CSB_field_modal,9336.384749999996,48.50973337946028
21097,16361.211945,Baseline,16361.211945,-1.107814785416258
21107,12023.578300000005,MMU_35ac_nb8_w3_iter3,6722.589554999998,44.08827898596548
21131,14.23328,MMU_15ac_nb4_w9_iter3,4.89269,65.625
21147,224.937785,MMU_5ac_nb4_w3_iter3,172.67185,23.235729381793288
21151,7983.109,Baseline,7983.109,-0.4791609384263706
21155,11937.59653,CSB_field_modal,8059.250124999999,32.48850298511472
21175,1338.81805,CSB_field_modal,1326.141535,0.9468437477370512
21181,11598.87107,Baseline,11598.87107,-0.5426199206816394
21189,464.17108,CSB_field_modal,458.611205,1.1978072826079538
21195,85.105755,Baseline,85.105755,-3.9197407977874232
21235,1350.647,CSB_field_modal,1348.200655,0.18112393541762056
21237,608.75428,CSB_field_modal,608.087095,0.10959840808018222
22005,4711.403770000001,MMU_35ac_nb4_w3_iter3,2132.5113500000016,54.73724065895542
22011,6343.006685,CSB_field_modal,6285.85117,0.9010792174500188
22013,1090.79305,MMU_25ac_nb4_w3_iter3,677.8055350000001,37.86121620411865
22015,993.2629400000008,MMU_1ac_nb8_w3_iter3,464.6906150000004,53.21575020205626
22025,14109.389365000008,MMU_25ac_nb4_w3_iter3,13548.240129999996,3.9771333860273903
22029,16526.67077500001,MMU_25ac_nb4_w3_iter3,10879.468055,34.17023789535738
22059,2251.3045850000003,MMU_35ac_nb4_w9_iter3,1397.0853900000002,37.94329744146991
22063,713.376295,MMU_25ac_nb4_w3_iter3,158.94556,77.71925404389839
22069,14842.221020000005,MMU_35ac_nb4_w3_iter3,10122.795665,31.79729872396147
22073,8056.619484999999,Baseline,8056.619484999999,-15.431757914281102
22079,9363.217054999996,CSB_field_modal,8375.11607,10.553007360566795
22097,15376.673115,MMU_1ac_nb8_w3_iter1,14248.90807000001,7.334259085600583
22113,29597.436015,MMU_35ac_nb8_w9_iter3,11594.892844999997,60.82467130219086
22119,676.5427099999999,MMU_35ac_nb4_w9_iter3,262.220825,61.24105379836257
22123,11390.954990000006,MMU_15ac_nb8_w3_iter3,5355.341830000005,52.98601535427537
23023,77.606555,Baseline,77.606555,-189.99411196644405
23027,1376.175745,MMU_2ac_nb8_w3_iter3,979.64546,28.813927758914257
24003,3124.1694499999994,Baseline,3124.1694499999994,-7.566999446844994
24009,10653.161229999998,CSB_field_modal,10585.706135,0.6331932235291956
24011,45055.417215,Baseline,45055.417215,-0.25023296191442207
24023,8299.75817,CSB_field_modal,8204.57311,1.1468413663430848
24025,10878.913760000003,MMU_25ac_nb8_w9_iter3,2292.909995000002,78.9233553497716
24027,3869.52555,CSB_field_modal,2860.5194349999997,26.07570623225372
24043,14725.903910000001,CSB_field_modal,13771.82936,6.4788861575561
25001,2598.758555,MMU_35ac_nb8_w9_iter3,71.53820999999999,97.24721598848186
26013,1425.62067,CSB_field_modal,1318.203885,7.534738185298631
26041,8204.264595,MMU_15ac_nb4_w3_iter3,2182.428265000001,73.398855683786
26071,1014.045245,CSB_field_modal,934.65023,7.829533779826566
26141,7465.71891,MMU_5ac_nb4_w3_iter3,1469.6037099999994,80.31530884411507
26147,11406.063144999998,Baseline,11406.063144999998,-7.907731077180546
26163,1225.888710000001,MMU_1ac_nb8_w3_iter3,1193.5550449999996,2.6375693597831744
27011,23001.82590000001,MMU_35ac_nb4_w3_iter3,18837.25713,18.105383407845068
27015,23367.49267000001,MMU_35ac_nb4_w3_iter3,16299.91743,30.245329868332888
27021,2954.828630000001,Baseline,2954.828630000001,-16.650756494125336
27031,5,Baseline,5,NA
27059,3775.9900949999983,CSB_field_modal,1473.4214850000037,60.97920153574968
27069,41592.46925500003,MMU_35ac_nb4_w3_iter3,23327.167905000017,43.91492420903637
27075,6.667185,MMU_15ac_nb4_w3_iter3,6.44479,3.3356656519955523
27137,7396.634829999999,Baseline,7396.634829999999,-10.153643275100016
27171,32978.064985,CSB_field_modal,21290.095759999997,35.44164653176663
28007,2016.5623,CSB_field_modal,1560.652549999999,22.60826506575078
28011,76371.10716500001,MMU_15ac_nb4_w3_iter3,75893.18031000003,0.6257953730687944
28021,2455.422885,CSB_field_modal,2178.3187150000003,11.285394939210237
28051,5202.771745,CSB_field_modal,4275.991305000004,17.813205833806876
28101,868.50575,CSB_field_modal,652.560205,24.86403170042341
28149,6636.411129999998,CSB_field_modal,6632.078044999999,0.06529259437244732
28151,27235.08857,MMU_15ac_nb4_w3_iter3,26358.62987500001,3.2181231676456807
28163,22890.673049999987,CSB_field_modal,15706.625800000003,31.384167841233417
29019,31772.652345,CSB_field_modal,25450.62968,19.897686212510628
29023,32851.080175,MMU_15ac_nb4_w3_iter3,29351.694850000003,10.652268681451348
29027,11479.335004999995,Baseline,11479.335004999995,-2.8575925770710735
29033,34540.02096999999,CSB_field_modal,18210.223304999985,47.27790315814626
29041,9300.779605000003,MMU_5ac_nb8_w3_iter3,7475.092875,19.62939460492682
29069,38588.434405000015,Baseline,38588.434405000015,-3.3642146280797784
29083,44047.36465999999,CSB_field_modal,33674.63946499999,23.549025634261422
29113,51616.93812,CSB_field_modal,40831.44780499999,20.895253976370523
29157,23176.71875,Baseline,23176.71875,-0.2053462809527219
29171,11431.734749999998,CSB_field_modal,6158.082114999997,46.13169173646197
29189,3841.244249999999,MMU_25ac_nb8_w3_iter3,3654.662205000001,4.857333531966845
29207,47257.20363500002,CSB_field_modal,42622.93662500001,9.806477433141511
29227,5212.143880000001,MMU_5ac_nb4_w3_iter3,4854.08793,6.869648233885693
30009,9771.955189999995,CSB_field_modal,7921.557870000001,18.935794158098233
30029,8423.646205000001,MMU_25ac_nb4_w9_iter3,2779.03871,67.00907608927766
30047,47741.319415,MMU_35ac_nb4_w3_iter3,34059.833119999996,28.65753704054808
30053,2921.74341,Baseline,2921.74341,-1.674578945999914
30073,11666.600589999996,Baseline,11666.600589999996,-7.133201171841976
30083,22892.57048999998,CSB_field_modal,3265.9637100000114,85.73352122503385
31049,12008.441,CSB_field_modal,7342.816294999995,38.852876114393254
31091,1323.25025,MMU_25ac_nb4_w3_iter3,1079.727725,18.403361344537807
31117,4992.6991800000005,MMU_35ac_nb4_w3_iter3,4745.39594,4.9532974265836005
33007,2581.4274299999997,MMU_25ac_nb8_w3_iter3,1898.07482,26.471889236878535
33017,875.5100550000001,MMU_5ac_nb8_w9_iter3,581.42459,33.59018703674399
34019,4349.122434999999,MMU_1ac_nb8_w3_iter3,4169.666244999999,4.126262083490882
34021,1903.8589850000008,MMU_5ac_nb8_w3_iter3,1214.3932799999998,36.21411619411512
34027,2934.436745,MMU_35ac_nb4_w9_iter3,1630.09007,44.449643606136064
34031,53.88958,MMU_15ac_nb4_w3_iter3,52.332815,2.8888052198588405
34033,14553.086155,Baseline,14553.086155,-4.288027730706447
34041,3917.7574700000023,MMU_5ac_nb8_w3_iter3,2896.3373249999995,26.07155120809463
35011,5286.785675000001,MMU_35ac_nb4_w3_iter3,2465.927495000001,53.35677202386306
35029,15205.537795000002,MMU_35ac_nb4_w9_iter3,10229.9011,32.722530186575376
35033,264.0235499999998,Baseline,264.0235499999998,-103.51354263663234
35045,37470.693835000005,MMU_35ac_nb4_w3_iter3,32161.235605,14.169628812799392
36025,6135.380315000001,MMU_5ac_nb4_w3_iter3,5097.462850000001,16.91692139218269
36045,16344.67272,MMU_25ac_nb4_w3_iter3,6062.06832,62.91104493892858
36051,47054.538875000006,MMU_35ac_nb4_w3_iter3,23060.56472,50.991837830437134
36053,10967.771560000005,Baseline,10967.771560000005,-0.8510661850437086
36059,85.28304000000001,MMU_1ac_nb8_w3_iter3,55.177299999999995,35.30096957144118
36065,21846.382880000005,MMU_25ac_nb4_w3_iter3,12518.052304999994,42.69965708391909
36075,13376.64677,MMU_35ac_nb4_w3_iter3,7819.8853,41.54076552624706
36077,11724.79569,MMU_15ac_nb8_w3_iter3,8951.262115,23.65528277277813
36103,5039.06214,MMU_15ac_nb4_w3_iter3,4421.693619999999,12.251655225668648
37009,14321.73873,CSB_field_modal,14297.72007,0.1677077096071266
37017,31415.394845,MMU_25ac_nb4_w9_iter3,17052.937935,45.71789398434345
37023,1390.747565,MMU_1ac_nb8_w3_iter1,148.75429500000007,89.30400464156124
37027,928.6823150000002,MMU_1ac_nb8_w3_iter1,465.5366399999999,49.87127110307901
37047,33847.332525,MMU_15ac_nb4_w3_iter3,31356.508525000005,7.3589964531481105
37091,12904.111385000004,Baseline,12904.111385000004,-0.7462508043129001
37095,15354.042339999998,Baseline,15354.042339999998,-3.206859269348599
37105,3367.8874,CSB_field_modal,2436.033985,27.66878177102953
37115,1310.4447,MMU_5ac_nb8_w9_iter3,678.4759200000001,48.2255206953792
37121,1111.360805,Baseline,1111.360805,-9.731111130916652
37139,27185.821735,Baseline,27185.821735,-2.8517400634680468
37155,58100.283625,MMU_15ac_nb4_w9_iter3,55272.30845499999,4.867403381802339
37163,63872.0343,MMU_5ac_nb4_w3_iter3,63210.63157,1.0355122351254062
37193,1279.9482699999996,CSB_field_modal,874.522184999999,31.675193013855218
37199,499.72469,MMU_1ac_nb8_w3_iter3,482.227075,3.50145096893252
38071,61049.286419999975,CSB_field_modal,44487.539389999976,27.128485853315897
38079,29669.331355,CSB_field_modal,22326.293244999993,24.74959082204773
38085,30205.914919999996,CSB_field_modal,24599.559364999997,18.560456022763628
38097,23461.72848499997,CSB_field_modal,18679.56879999998,20.382810618822987
38105,110223.59882,Baseline,110223.59882,-0.5367005852948803
39051,19848.08417500001,MMU_35ac_nb4_w3_iter3,10872.122905000013,45.22331319667528
39061,2375.322705,MMU_15ac_nb4_w3_iter3,1374.4292700000003,42.137156054339144
39095,3366.797835,MMU_15ac_nb4_w9_iter3,1174.3285550000005,65.12031275557712
39123,4913.229095000006,Baseline,4913.229095000006,-18.38645160917318
40011,107043.13539000002,MMU_35ac_nb4_w3_iter3,87129.664695,18.603220675896175
40065,83885.47797500002,MMU_35ac_nb4_w3_iter3,70338.018555,16.149946030035732
40079,15187.32958,MMU_15ac_nb4_w3_iter3,15079.023215,0.7131363313707574
40089,18708.109185,MMU_35ac_nb4_w3_iter3,14176.36627,24.223414938338667
40117,12599.820015,MMU_35ac_nb4_w3_iter3,7520.516030000001,40.31251223392971
40133,5765.6466550000005,MMU_35ac_nb4_w3_iter3,4491.545700000001,22.098144947802048
41003,4362.70762,CSB_field_modal,4057.634275,6.992752473290882
41007,64.43078,MMU_1ac_nb8_w3_iter3,20.97045499999999,67.4527376511661
41021,8392.289595000002,CSB_field_modal,5625.473399999993,32.968550044417384
41033,1165.53344,CSB_field_modal,1141.2923850000002,2.0798249254864714
41035,22709.75751500001,MMU_35ac_nb4_w3_iter3,14964.751965000003,34.10430756420167
41039,5526.696539999999,CSB_field_modal,5417.5005949999995,1.975790496360408
41043,4948.953935000001,MMU_2ac_nb8_w3_iter3,2982.0925549999993,39.74297206708596
41045,55055.73851500001,MMU_35ac_nb4_w3_iter3,33003.743795,40.05394408430634
41047,17985.884220000004,MMU_5ac_nb4_w3_iter3,7165.9226800000015,60.158074007662
41061,45497.672860000006,MMU_35ac_nb4_w3_iter3,24515.594190000003,46.11681730308173
42003,10947.014005000001,MMU_35ac_nb4_w3_iter3,2678.660575,75.53067371817981
42017,7700.836820000002,MMU_15ac_nb8_w3_iter3,2884.6321449999996,62.54131580209228
42041,3477.5836799999997,Baseline,3477.5836799999997,-89.7488519959928
42055,12788.508904999992,CSB_field_modal,2645.2972700000064,79.31504532975099
42061,5379.158174999999,Baseline,5379.158174999999,-44.98208681138104
42071,28126.40819000001,Baseline,28126.40819000001,-8.007162982867909
42095,12283.076235000004,MMU_35ac_nb4_w3_iter3,4909.1986449999995,60.03282442380773
42099,5084.828709999998,Baseline,5084.828709999998,-43.75883833852881
42113,1007.5431,CSB_field_modal,679.8122349999999,32.52772660544248
42133,15435.884369999998,MMU_2ac_nb8_w3_iter3,12672.704554999997,17.90101395401941
44005,532.920725,Baseline,532.920725,-11.02440986884117
45005,7072.445385,MMU_15ac_nb8_w3_iter3,6339.876254999999,10.358074048245198
45009,6488.707190000002,MMU_25ac_nb4_w3_iter3,4494.002130000001,30.741178505852737
45029,9899.25324,Baseline,9899.25324,-7.957399117915672
45047,194.52097000000003,MMU_1ac_nb8_w3_iter3,141.10110500000002,27.462265379408716
45053,2973.612415,MMU_35ac_nb4_w9_iter3,1320.327985,55.59851787207447
45077,1044.60654,Baseline,1044.60654,-3.3425039632625686
45087,217.58785000000003,MMU_15ac_nb4_w9_iter3,75.25505,65.41394659674242
45091,6679.62097,CSB_field_modal,5861.20737,12.25239581221328
46075,43779.126125,CSB_field_modal,37502.694435,14.336585138952463
46095,51542.76584000001,MMU_35ac_nb4_w3_iter3,49427.566995,4.103774429890013
46103,18490.15029,Baseline,18490.15029,-12.718148274175018
46111,17313.226364999995,Baseline,17313.226364999995,-4.300039081710479
46117,53961.808215,MMU_35ac_nb4_w3_iter3,53220.788075,1.3732307432092594
48175,5911.791895000001,MMU_35ac_nb4_w3_iter3,3962.598915,32.97127190232397
48185,898.2032850000003,MMU_1ac_nb8_w3_iter1,370.06513000000024,58.79940140722152
48215,46866.021985000014,Baseline,46866.021985000014,-14.961358470416332
48225,6369.265215,MMU_35ac_nb4_w3_iter3,4811.83303,24.452305445409216
48235,2209.021365,MMU_1ac_nb8_w3_iter3,1953.323455,11.575166906545515
48273,34792.58411,MMU_35ac_nb4_w3_iter3,26831.510295,22.881524953220847
48277,16568.56782,MMU_25ac_nb4_w3_iter3,4934.8640600000035,70.21550617040596
48317,186715.17942,MMU_35ac_nb4_w3_iter3,176612.441755,5.410774687083555
48351,171.429225,MMU_15ac_nb4_w9_iter3,55.33126,67.72355472061429
48361,426.0824,MMU_35ac_nb4_w3_iter3,180.55521,57.62434449299009
48379,2356.060435,MMU_35ac_nb4_w3_iter3,825.538045,64.96108364894297
48395,16030.100610000003,MMU_35ac_nb4_w3_iter3,9256.171305000003,42.25755951134981
48409,77108.214355,MMU_35ac_nb4_w3_iter3,70570.45610000001,8.478679359504653
48423,2931.49766,MMU_1ac_nb8_w3_iter3,2905.200625,0.8970512021490017
48443,19.348365,MMU_15ac_nb4_w3_iter3,0,100
48453,9046.9942,MMU_35ac_nb4_w9_iter3,472.3325800000021,94.779121445662
48467,2516.545835,MMU_15ac_nb4_w9_iter3,2125.130635,15.553668626107102
48471,2206.17582,CSB_field_modal,2089.863235,5.272135790156557
48477,5696.631060000001,MMU_35ac_nb4_w3_iter3,3382.38869,40.62475427362501
48481,12166.030309999987,MMU_5ac_nb4_w3_iter3,10020.585744999997,17.63471329868809
48495,883.575335,MMU_35ac_nb4_w9_iter3,692.315635,21.646111250943868
48499,3190.2706,MMU_15ac_nb4_w3_iter3,3123.329705,2.0982826660534615
49001,2696.153655,CSB_field_modal,1994.8716299999992,26.010462115149764
49003,55408.741475,MMU_35ac_nb4_w3_iter3,26774.010775,51.67908517272454
49013,13256.372324999998,CSB_field_modal,9933.791025,25.06403123374856
49015,19604.342849999997,MMU_35ac_nb4_w9_iter3,10340.923915,47.25187171984191
49019,1287.880355,CSB_field_modal,1074.825945,16.543028175936417
49025,918.850825,CSB_field_modal,709.7995249999999,22.75138622202358
49045,3059.1506950000003,MMU_5ac_nb8_w3_iter3,216.92435500000056,92.90900067935355
50027,2681.178495000001,MMU_5ac_nb8_w3_iter3,1474.0184350000002,45.023487330335314
01051,1763.4687099999994,Baseline,1763.4687099999994,-2.1943530826810695
01055,4440.74079,MMU_35ac_nb8_w3_iter3,849.9064150000003,80.8611568386544
01069,5644.597800000007,MMU_2ac_nb8_w3_iter3,4757.686540000008,15.712567864445504
01071,2647.317264999999,Baseline,2647.317264999999,-24.404233052890273
01089,14752.941124999998,Baseline,14752.941124999998,-7.95460467886875
01095,4477.66271,MMU_15ac_nb4_w3_iter3,1316.6296850000003,70.59560377204025
01099,4622.332639999999,CSB_field_modal,2802.696749999998,39.366182222662395
01109,3654.911305,Baseline,3654.911305,-7.240943156074754
01113,5525.185885000001,CSB_field_modal,5097.96509,7.732242930682868
01117,729.4719899999998,CSB_field_modal,183.60299500000016,74.83069980521113
01129,391.209655,MMU_5ac_nb4_w3_iter3,284.6824500000002,27.230208569366663
04009,8330.997235000003,MMU_35ac_nb4_w3_iter3,3351.1283950000015,59.77518296463579
04021,56559.166670000006,MMU_25ac_nb4_w3_iter3,47221.02301500002,16.510398233913698
04025,2316.5253350000003,MMU_35ac_nb4_w9_iter3,336.29077000000007,85.48296602160838
05001,40133.57702000001,CSB_field_modal,30161.83001000001,24.84639484048661
05011,299.4898100000001,MMU_15ac_nb8_w9_iter3,33.21310999999996,88.91010348565784
05013,17.79471,MMU_2ac_nb8_w3_iter3,5.562985000000001,68.73798449089645
05041,32146.209680000007,MMU_5ac_nb4_w3_iter3,31257.074470000003,2.765909943507851
05045,4441.2918150000005,MMU_25ac_nb4_w3_iter3,3651.344775,17.78642505164908
05061,239.905115,MMU_15ac_nb4_w3_iter3,139.60497,41.808256151603935
05067,21543.406889999995,CSB_field_modal,15468.85550000002,28.19680016729227
05075,23319.987740000004,MMU_35ac_nb4_w3_iter3,19210.12814,17.62376398230476
05081,8625.5619599999991,CSB_field_modal,8178.770404999999,5.179854449738366
05085,24292.89507499999,MMU_15ac_nb4_w9_iter3,20045.595364999997,17.483711582696138
05095,75875.07392499999,CSB_field_modal,68082.13072999999,10.270755324341517
05109,161.01398,MMU_15ac_nb4_w3_iter3,65.82892000000001,59.116022099447505
05119,20519.599684999997,MMU_35ac_nb4_w3_iter3,17536.61555,14.537243322444471
05133,454.20526,MMU_2ac_nb8_w3_iter3,408.614285,10.037526866157382
05139,77.247275,MMU_15ac_nb4_w9_iter3,47.001555,39.154416773925035
05147,50184.579134999985,CSB_field_modal,44866.00271000001,10.598029348204038
06041,3371.0324,MMU_35ac_nb4_w3_iter3,2884.209745,14.441352002431069
06043,41.95337999999999,Baseline,41.95337999999999,-324.42139346102755
06051,10187.393475,Baseline,10187.393475,NA
06055,15311.669334999997,CSB_field_modal,11858.319774999998,22.553710405084328
06057,501.062245,Baseline,501.062245,-38.65907817500797
06061,8833.64638,MMU_15ac_nb8_w3_iter3,7026.363925000001,20.45907632313441
06071,9857.87451,CSB_field_modal,9725.549485,1.3423281546723531
06081,317.0403250000001,MMU_1ac_nb8_w3_iter1,95.97969500000002,69.72634474810104
06085,4505.06144,CSB_field_modal,4183.033479999999,7.14813691863881
06089,9308.219325,MMU_35ac_nb4_w9_iter3,1876.00082,79.84576045644478
06091,829.5225849999999,Baseline,829.5225849999999,-1.7694599599117529
06099,30064.540739999986,CSB_field_modal,13098.693374999972,56.43142036235217
06111,62561.03919,Baseline,62561.03919,-0.2502613160316931
06115,14751.926505,CSB_field_modal,13456.253235,8.783078396986642
08013,8381.84281,Baseline,8381.84281,-6.049512159725158
08015,544.5852499999997,CSB_field_modal,481.86986,11.516174923944364
08031,8082.946274999999,MMU_35ac_nb4_w9_iter3,7551.422225,6.575870133443377
08051,1045.17422,Baseline,1045.17422,-12.171170850348762
08055,2117.324260000001,MMU_5ac_nb4_w3_iter3,172.97409000000022,91.8305337889058
08065,0,Baseline,0,NA
08069,3944.017779999997,Baseline,3944.017779999997,-43.7978841971652
08083,25306.12617000001,MMU_35ac_nb4_w3_iter3,10697.783185000004,57.72650814614982
08093,598.22084,Baseline,598.22084,-0.03717607029537886
08109,5166.903465000005,MMU_15ac_nb4_w3_iter3,1707.358044999999,66.9558748955648
08113,7870.089065,MMU_35ac_nb4_w3_iter3,5738.43299,27.085539406154098
08117,0.222395,Baseline,0.222395,NA
09001,1784.79311,MMU_15ac_nb4_w3_iter3,1390.70917,22.080090840332744
09011,3461.5714599999997,MMU_2ac_nb8_w3_iter3,2061.8173300000008,40.436956052324255
10001,52962.47218,MMU_35ac_nb4_w3_iter3,48004.84284,9.360645634423635
10005,76482.05184500001,MMU_35ac_nb4_w3_iter3,69291.576705,9.40151965924287
12001,843.6116650000009,CSB_field_modal,815.5898949999997,3.321643258690735
12007,1348.14442,MMU_15ac_nb8_w9_iter3,318.99069999999995,76.33853649002975
12013,3513.231795000001,MMU_35ac_nb4_w3_iter3,1344.658150000001,61.72589147366519
12017,3047.128735,MMU_35ac_nb4_w9_iter3,868.3249200000001,71.50350393712526
12029,4744.0337150000005,MMU_35ac_nb4_w9_iter3,2613.71201,44.90528172816747
12033,8194.940649999999,CSB_field_modal,6364.976765,22.330410471001983
12037,336.26124,MMU_15ac_nb4_w9_iter3,39.808705,88.16137566137567
12047,4629.784985,MMU_35ac_nb8_w3_iter3,1980.1316949999996,57.230590590806905
12053,4203.744380000001,MMU_5ac_nb4_w3_iter3,240.6654800000001,94.27497349398776
12073,2000.691825,MMU_35ac_nb4_w9_iter3,232.617425,88.37315062253528
12077,1110.418235,MMU_35ac_nb4_w9_iter3,389.63604,64.91087522531544
12079,18859.797375,MMU_35ac_nb4_w9_iter3,9987.126455,47.04542017912321
12083,7556.825115000001,MMU_5ac_nb8_w9_iter3,308.3964549999989,95.9189679487508
12089,3340.77261,MMU_35ac_nb4_w3_iter3,2243.253285,32.85226063320723
13013,32.53655,Baseline,32.53655,-92.27568688136884
13027,14570.558390000002,MMU_15ac_nb4_w3_iter3,6843.221720000005,53.03390894959376
13033,31567.963129999996,MMU_1ac_nb8_w3_iter1,31350.01603,0.6904059634841438
13049,557.310955,MMU_35ac_nb4_w3_iter3,373.634515,32.95762237438883
13073,258.337465,MMU_15ac_nb4_w3_iter3,117.108865,54.6682611443911
13077,874.570805,CSB_field_modal,849.2177750000001,2.8989110835914498
13079,2877.70183,Baseline,2877.70183,-4.466908581699708
13103,2413.8612900000003,Baseline,2413.8612900000003,-10.742645862637785
13107,22352.439134999997,CSB_field_modal,18360.67128,17.858309918176186
13113,216.64384500000003,MMU_15ac_nb4_w9_iter3,107.89269,50.198128176685564
13127,122.39657,CSB_field_modal,119.72783,2.1804042384521067
13133,202.01082500000004,MMU_1ac_nb8_w3_iter3,199.85694,1.0662225650531607
13137,938.482155,Baseline,938.482155,-0.5450380673461006
13141,181.76518,CSB_field_modal,180.20841499999997,0.8564704196920622
13151,1886.16465,MMU_35ac_nb4_w3_iter3,516.43854,72.61964696454257
13157,384.84604,Baseline,384.84604,-17.22083719505078
13171,2577.58758,MMU_35ac_nb4_w9_iter3,1498.6919300000002,41.85679890651862
13181,123.20683,MMU_15ac_nb4_w9_iter3,10.897355,91.15523465703971
13185,9172.005705,MMU_35ac_nb4_w3_iter3,7376.467815000001,19.576284051166535
13189,859.0450050000001,MMU_25ac_nb4_w9_iter3,275.399665,67.94118312811794
13191,140.113515,MMU_15ac_nb8_w3_iter3,40.480555,71.10874350700573
13195,1611.20538,CSB_field_modal,1600.5304199999998,0.6625449574901512
13213,5404.157595,CSB_field_modal,4925.563555,8.856034110530038
13217,2593.626905,CSB_field_modal,2469.530495,4.784666975838615
13221,1004.38579,CSB_field_modal,923.656405,8.037686893200677
13237,414.92072499999995,CSB_field_modal,374.66723,9.701490567866903
13245,1790.895575,MMU_35ac_nb4_w3_iter3,799.75573,55.34325165776347
13261,9918.212579999998,Baseline,9918.212579999998,-38.933686023091944
13269,9267.54184,MMU_35ac_nb4_w3_iter3,7335.596475000001,20.84636248051726
13271,14425.83923,MMU_35ac_nb4_w9_iter3,9229.27426,36.02261807544073
13289,4520.40771,CSB_field_modal,3197.60225,29.262967963568943
13303,15150.635020000002,MMU_1ac_nb8_w3_iter1,13607.436115,10.185704447126204
13305,6765.497065,CSB_field_modal,4448.141164999999,34.25255938678026
13309,5382.62777,MMU_25ac_nb4_w9_iter3,3686.6435,31.50848140479904
13315,18948.613135,CSB_field_modal,14866.552909999997,21.54279152736526
16007,3536.5221199999996,CSB_field_modal,3114.411935000002,11.935742819558492
16069,29336.647364999997,Baseline,29336.647364999997,-0.5799305315404985
16073,10463.263490000005,MMU_15ac_nb4_w3_iter3,219.74979000000224,97.89979684435907
16079,295.118165,MMU_5ac_nb4_w3_iter3,101.85691,65.48605877920122
16083,23866.148210000018,MMU_15ac_nb4_w9_iter3,14026.01211000001,41.230516183072
17031,7982.138990000001,MMU_35ac_nb4_w3_iter3,5845.590225000001,26.766619419640048
17039,28043.964825000003,MMU_35ac_nb4_w3_iter3,23618.526720000016,15.780358207605849
17097,7604.518690000003,MMU_35ac_nb4_w3_iter3,3042.6625649999996,59.98875551451898
17147,1357.0419949999814,MMU_2ac_nb8_w3_iter3,1231.611214999996,9.242954931544848
17175,2330.380015000001,MMU_25ac_nb8_w9_iter3,1851.5635800000032,20.546710490048447
17185,7370.793660000007,MMU_35ac_nb4_w9_iter3,3142.6600850000004,57.36334199592832
17189,114454.932555,CSB_field_modal,97463.28737,14.84570809286429
18009,4881.933780000005,MMU_35ac_nb8_w9_iter3,3697.235615000001,24.266985550959333
18053,18635.029245000012,MMU_35ac_nb4_w3_iter3,13622.245945000011,26.89978767457522
18069,5730.277694999986,CSB_field_modal,2328.8723149999996,59.35847372576583
18083,78626.223055,CSB_field_modal,67045.44821999999,14.728896270267384
18161,1706.733865000002,MMU_15ac_nb8_w9_iter3,1444.022054999998,15.392664046072795
18175,37676.211045,CSB_field_modal,28959.661415,23.13541990618181
19015,8966.274679999991,Baseline,8966.274679999991,-1.6097459106619088
19059,6081.512945000015,MMU_25ac_nb4_w3_iter3,3402.0979850000112,44.05836153325819
19105,16526.416319999982,CSB_field_modal,6860.145765000008,58.489816351183286
19143,5864.053174999996,MMU_15ac_nb4_w9_iter3,5470.858814999998,6.705163617483714
19163,20017.05852,CSB_field_modal,10335.536984999992,48.366354753505554
19195,15211.482054999991,CSB_field_modal,11129.369775000005,26.835730175668218
20023,41530.27696,MMU_35ac_nb4_w3_iter3,35578.84182,14.33035263822618
20047,4730.029505000002,Baseline,4730.029505000002,-6.300368733112192
20129,34501.004284999995,CSB_field_modal,27769.15906999999,19.512026836641407
20149,17137.753709999997,MMU_1ac_nb8_w3_iter1,16576.651125000004,3.274073104881792
20185,46396.17282499998,CSB_field_modal,33874.667140000005,26.988229680558753
20203,15284.163435000011,MMU_35ac_nb4_w3_iter3,12275.603875000008,19.6841624521663
21003,6134.790895,MMU_2ac_nb8_w3_iter3,5631.06622,8.210951010743463
21007,16158.374170000005,Baseline,16158.374170000005,-1.7438293112629348
21017,24320.71617,Baseline,24320.71617,-1.3871845411203672
21027,31030.048634999996,CSB_field_modal,26709.13618,13.924929689366556
21031,2622.3253099999997,Baseline,2622.3253099999997,-18.462770929057623
21033,19462.69513,Baseline,19462.69513,-0.34508730446315894
21043,2159.049805,CSB_field_modal,2125.46816,1.5553900110238588
21051,1386.594115,CSB_field_modal,1360.12911,1.9086338758909256
21055,10997.394235,CSB_field_modal,6547.270284999998,40.46525799572741
21065,1435.14324,CSB_field_modal,1319.05305,8.0891012662959
21071,163.888025,Baseline,163.888025,-0.94989551555093
21085,11756.15778,CSB_field_modal,8633.287189999997,26.56370089990407
21089,984.483695,Baseline,984.483695,-0.6696235837608309
21095,3.11042,Baseline,3.11042,NA
21099,8620.122459999999,CSB_field_modal,8257.41843,4.207643588395146
21109,1466.33594,Baseline,1466.33594,-2.138506882672469
21115,253.87714,Baseline,253.87714,-3.2411799660260865
21119,15.790045000000005,Baseline,15.790045000000005,NA
21123,6849.875179999999,CSB_field_modal,6445.071245000002,5.909654181464912
21125,3244.4277300000003,Baseline,3244.4277300000003,-5.079314711688767
21133,1.1119750000000002,Baseline,1.1119750000000002,NA
21135,5579.6476299999995,CSB_field_modal,4872.43153,12.674924061468012
21153,309.27217,Baseline,309.27217,-6.184187216069258
21159,3.44479,Baseline,3.44479,-45.14672882817241
21167,11054.18285,CSB_field_modal,10824.22642,2.0802662043897757
21179,32638.28607,CSB_field_modal,27731.585184999996,15.033573988770426
21183,12774.30582,MMU_35ac_nb4_w3_iter3,3060.981800000001,76.03797933812108
21193,176.461895,MMU_1ac_nb8_w3_iter1,164.897355,6.553562172728573
21197,574.4662750000002,MMU_15ac_nb8_w3_iter3,139.55845500000007,75.70641461937866
21203,4048.76394,CSB_field_modal,3717.172995,8.189930307470574
21231,5855.564245,CSB_field_modal,3561.782214999999,39.17269000948346
22035,27733.00657999999,CSB_field_modal,22615.475234999984,18.45285447229722
22037,13126.486925,CSB_field_modal,13014.17745,0.8555943082234855
22041,47203.91224500001,MMU_35ac_nb4_w3_iter3,30185.134870000005,36.05374335641572
22045,9813.631145,MMU_5ac_nb4_w3_iter3,8450.127400000003,13.893977925741558
22057,8142.218390000002,MMU_35ac_nb4_w3_iter3,1544.8707150000014,81.02641514875896
22065,33887.927695000006,Baseline,33887.927695000006,-0.6818605347593691
22071,6.559875,MMU_15ac_nb4_w3_iter3,1,84.75580708473865
22077,25035.73970000001,CSB_field_modal,19270.149325,23.029438890515408
22081,2558.21464,CSB_field_modal,2062.718579999999,19.368822781813225
22085,92.51632,MMU_15ac_nb4_w3_iter3,17.124415000000003,81.49038461538461
22099,7780.642490000004,MMU_35ac_nb4_w3_iter3,6150.931930000001,20.94570676000823
22101,5411.980724999999,MMU_35ac_nb4_w3_iter3,2911.148950000001,46.20917741720151
22105,2088.457395,CSB_field_modal,1966.80733,5.824876547218229
22109,4436.614295,MMU_35ac_nb8_w9_iter3,75.00355500000018,98.30944161441916
22115,270.38878,MMU_5ac_nb4_w3_iter3,79.57387,70.57057249195029
22125,14213.718264999998,CSB_field_modal,13905.478794999995,2.16860545744045
23003,78064.796355,MMU_35ac_nb4_w3_iter3,59496.563175,23.785667864373693
23007,1508.180305,MMU_35ac_nb4_w3_iter3,954.19436,36.732076606715815
23015,252.33894500000005,MMU_1ac_nb8_w3_iter3,113.27843499999996,55.10861987633342
23031,1620.1865699999998,CSB_field_modal,1572.1492500000002,2.964925206113742
24005,4637.472019999999,Baseline,4637.472019999999,-6.315514222768355
24015,6510.342459999999,Baseline,6510.342459999999,-5.834572640899123
24021,24045.685534999997,Baseline,24045.685534999997,-1.7202865744788047
24031,5402.645199999999,Baseline,5402.645199999999,-7.371081114117983
24039,9120.55944,Baseline,9120.55944,-0.3950195186711242
24041,34331.241440000005,CSB_field_modal,28656.434575000003,16.529570813562753
25005,3019.6000349999995,MMU_5ac_nb4_w3_iter3,760.7340199999999,74.80679523174003
25015,5492.576575,MMU_25ac_nb8_w3_iter3,3269.7385499999996,40.46985953946396
25025,28.461895,MMU_15ac_nb4_w9_iter3,5.777605,79.70056104837712
26035,6083.235895000002,Baseline,6083.235895000002,-12.54327890896294
26053,465.101075,MMU_2ac_nb8_w3_iter3,384.080875,17.419912435162612
26063,23003.903899999976,MMU_5ac_nb4_w3_iter3,21292.574375000004,7.439300444130151
26083,105.86002,MMU_2ac_nb8_w3_iter3,46.25816,56.30252100840337
26097,1508.11531,Baseline,1508.11531,-19.83411169004047
26099,12811.709540000003,MMU_35ac_nb4_w3_iter3,12457.211910000002,2.7669814781017985
26103,1119.7336300000002,MMU_5ac_nb4_w3_iter3,302.2599999999998,73.006080026372
27013,29105.14257000002,MMU_35ac_nb4_w3_iter3,21232.359570000022,27.049456916644104
27027,58816.799025,CSB_field_modal,48859.0629,16.930088495240078
27039,23047.905790000008,MMU_35ac_nb4_w3_iter3,15962.856260000008,30.74053492996336
27053,14957.011654999998,CSB_field_modal,12516.893715,16.31420765246437
27073,19867.389854999983,CSB_field_modal,8811.022429999979,55.65083035916504
27087,25102.850550000003,CSB_field_modal,21272.986254999993,15.25669081832624
27097,41105.42409499999,MMU_15ac_nb4_w9_iter3,25858.245289999995,37.09286338893324
27119,88138.03463999994,CSB_field_modal,71533.801545,18.83889646827273
27145,86452.48495,MMU_35ac_nb8_w9_iter3,55991.416719999965,35.23446231489733
27163,5144.796354999999,CSB_field_modal,2922.1807249999983,43.201236290721965
27165,22609.824670000024,MMU_35ac_nb4_w3_iter3,20286.389705000005,10.27621840908338
30099,23203.63050500001,CSB_field_modal,13657.54752499998,41.14047143589449
31069,30781.51951,MMU_35ac_nb4_w3_iter3,27684.00195000001,10.062913102758614
31103,12873.587635,MMU_25ac_nb4_w9_iter3,12576.690310000002,2.306251632550444
31115,5102.376935,MMU_15ac_nb4_w3_iter3,4919.599825000001,3.5821953636202513
31139,25830.668195000013,MMU_35ac_nb4_w3_iter3,24031.71504000002,6.964408126880018
31171,1416.29243,MMU_15ac_nb4_w3_iter3,1340.23334,5.370295596369176
32011,19521.51112,CSB_field_modal,19405.198535,0.5958175280848825
32015,1972.2334350000008,MMU_15ac_nb8_w9_iter3,748.9917849999979,62.02316765814298
32031,221.67396000000005,CSB_field_modal,72.00212500000023,67.51890704708833
32033,12557.023835,Baseline,12557.023835,-1.2255877031231233
33009,2820.0695400000004,MMU_15ac_nb8_w9_iter3,1107.91784,60.71310213151695
34001,4947.5403049999995,CSB_field_modal,2522.1004350000003,49.023145249546374
34005,13154.457510000002,Baseline,13154.457510000002,-7.30188990515048
34011,9759.998409999998,Baseline,9759.998409999998,-3.965678924736644
34015,6539.409474999999,Baseline,6539.409474999999,-12.440280932247374
34025,4070.034565000001,MMU_1ac_nb8_w3_iter3,3396.0386949999993,16.559954448445858
34029,1660.642125,MMU_15ac_nb8_w9_iter3,821.54579,50.52842646635861
34035,2330.067,Baseline,2330.067,-8.628296096206679
38067,42843.55487999997,CSB_field_modal,41606.59389000002,2.8871576914299917
38077,46075.69893499993,CSB_field_modal,34700.47736500005,24.688115064835305
39035,320.89266000000003,MMU_25ac_nb4_w9_iter3,143.19905500000002,55.37478015234127
39043,11002.743490000004,MMU_35ac_nb4_w3_iter3,6367.297604999996,42.129909592212115
39067,9800.799945,CSB_field_modal,9361.347425,4.4838433848881145
39121,3018.5117,Baseline,3018.5117,-4.619550257168124
39161,8925.746940000005,MMU_15ac_nb4_w3_iter3,8043.061185000004,9.889208835221584
40013,5007.081595,Baseline,5007.081595,-3.820233530666087
40023,4695.49187,MMU_35ac_nb4_w3_iter3,3285.3602950000004,30.031605080811268
47003,5735.3705899999995,CSB_field_modal,5529.110089999998,3.596288971450778
47021,1588.3006099999998,CSB_field_modal,1017.857435,35.915315489301484
47031,4780.085629999998,CSB_field_modal,3743.419804999998,21.68718105160805
47041,2405.2061,CSB_field_modal,1201.15957,50.06001481536239
47045,26335.477625000003,MMU_25ac_nb4_w3_iter3,25315.129365000004,3.874424738100794
47049,1755.8290399999998,CSB_field_modal,1732.477565,1.329940129023033
47055,3541.041214999999,CSB_field_modal,1912.871115,45.97998162526327
47065,437.14466,Baseline,437.14466,-0.40699570709613386
47085,1607.755509999999,CSB_field_modal,520.8086899999998,67.60647456900955
47089,3221.63021,CSB_field_modal,2953.86663,8.311431248963856
47123,4802.626039999999,CSB_field_modal,3656.179815,23.871236599550013
47129,349.98756000000003,Baseline,349.98756000000003,-1.9063106128686416
47143,4292.980025,CSB_field_modal,4225.59434,1.5696715243859063
47147,54375.25349,CSB_field_modal,43632.68541,19.756354941822263
47167,27508.216794999997,MMU_35ac_nb4_w3_iter3,20692.699625,24.77629582750276
47187,4519.821969999999,CSB_field_modal,3027.3291249999997,33.02105381376338
48007,4061.37749,MMU_25ac_nb4_w9_iter3,3136.21429,22.77954221881502
48033,59274.74681,MMU_35ac_nb4_w3_iter3,48114.07613,18.82871084337913
48051,12743.211735,MMU_35ac_nb4_w3_iter3,7526.492220000002,40.93724269425708
48075,65728.790395,MMU_35ac_nb4_w3_iter3,53850.45105,18.071744928845657
48135,350.32968999999997,MMU_15ac_nb4_w3_iter3,221.34059,36.81934579966658
48139,43371.865615,MMU_35ac_nb4_w3_iter3,23183.29230500001,46.54762488016621
48141,29182.191085,MMU_35ac_nb4_w3_iter3,24559.711010000003,15.84007198615051
48161,3441.284295,MMU_35ac_nb4_w9_iter3,985.153915,71.37249263504978
48167,2257.5129850000003,MMU_25ac_nb4_w9_iter3,1528.27978,32.302503234549505
51017,26.458680000000065,Baseline,26.458680000000065,-105.95547472511804
51023,2216.6092900000003,MMU_5ac_nb4_w3_iter3,1409.537835,36.41018102021941
51027,7.45101,MMU_2ac_nb8_w3_iter3,3.670295,50.74097337139528
51041,923.408815,MMU_2ac_nb8_w3_iter3,734.3730650000002,20.47151239291557
51047,6585.465520000001,MMU_35ac_nb4_w9_iter3,1559.149144999999,76.32438982081257
51063,3865.18696,Baseline,3865.18696,-1.5765402975487683
51073,1255.7370549999996,MMU_1ac_nb8_w3_iter1,1198.803935,4.533840884387984
51093,7435.19015,MMU_5ac_nb4_w3_iter3,6270.952325000001,15.658480839255994
51097,6914.9686600000005,Baseline,6914.9686600000005,-5.370727161039646
51103,6183.458825000001,MMU_35ac_nb8_w3_iter3,3863.25638,37.52272814721945
51107,6219.781535,MMU_5ac_nb8_w3_iter3,4560.892499999999,26.67117849180215
51121,2269.26483,CSB_field_modal,2232.1248650000002,1.6366518578618208
51153,1375.7256150000003,MMU_1ac_nb8_w3_iter1,425.2954799999996,69.08573371296866
51161,421.926885,MMU_5ac_nb8_w9_iter3,278.48211000000003,33.997543199931435
51171,2903.138825000001,MMU_1ac_nb8_w3_iter3,2103.628749999999,27.539505452344375
53005,79001.05274000001,MMU_35ac_nb4_w3_iter3,67233.46610500001,14.895480790272822
53011,5856.1541099999995,CSB_field_modal,5793.88351,1.0633360876495077
53015,9062.85072,Baseline,9062.85072,-0.29937809678498956
53017,8068.195154999983,CSB_field_modal,3773.970099999995,53.224109884585424
53025,68310.52045999997,MMU_15ac_nb4_w3_iter3,53628.00255999999,21.493787195776815
53027,7535.011005,CSB_field_modal,7497.87104,0.4928986165429065
53033,2992.76216,Baseline,2992.76216,-11.651957000151322
53037,2401.397964999999,Baseline,2401.397964999999,-19.327840356523367
53047,4439.862505000005,Baseline,4439.862505000005,-37.84161689935013
53061,3723.23364,Baseline,3723.23364,-8.786530114183217
53071,56746.85505500002,MMU_35ac_nb4_w3_iter3,45209.66964,20.330968833106223
54007,129.009315,MMU_2ac_nb8_w3_iter3,17.14463,86.71054876928848
54023,1379.058955,MMU_25ac_nb4_w3_iter3,747.4571550000001,45.799477804050795
54033,382.0108699999999,MMU_1ac_nb8_w3_iter3,343.11821,10.181034900917874
54067,251.144615,MMU_5ac_nb8_w3_iter3,140.087095,44.22054599896558
54071,1317.060885,CSB_field_modal,1069.757645,18.776902633472403
54075,1163.44488,Baseline,1163.44488,-3.937734463191744
54081,613.408995,MMU_15ac_nb4_w3_iter3,446.83514,27.155430774209627
54095,196.931565,MMU_1ac_nb8_w3_iter1,181.58631,7.79217643448881
54109,5.33748,Baseline,5.33748,NA
55007,5350.272675,MMU_15ac_nb4_w9_iter3,2345.530345,56.16054568658035
55029,9457.058725000006,MMU_5ac_nb8_w9_iter3,4154.802135,56.066656073344866
55043,85823.35789999997,CSB_field_modal,67682.82014499999,21.13706361400711
55057,10415.338885000005,MMU_1ac_nb8_w3_iter3,9898.764344999996,4.959747788369811
56011,71756.422205,MMU_35ac_nb4_w3_iter3,16190.364270000002,77.43705194254814
56035,679.63912,MMU_35ac_nb4_w3_iter3,323.36233000000004,52.421465968586375
01005,3694.724315,CSB_field_modal,3128.729040000001,15.319012373998982
01009,4067.60102,MMU_15ac_nb4_w3_iter3,1440.67164,64.58178585076665
01023,1074.855415,CSB_field_modal,1051.94873,2.131141052120017
01033,15585.639135,CSB_field_modal,15321.878664999998,1.6923301490260143
01043,4306.052525000001,Baseline,4306.052525000001,-4.328024540295164
01063,1503.116385,MMU_35ac_nb8_w3_iter3,647.710725,56.90881082372075
01087,3325.377130000001,MMU_35ac_nb4_w9_iter3,1285.3477949999997,61.34730754583618
01091,4833.363375000001,MMU_35ac_nb4_w3_iter3,4159.28413,13.946380453962885
01115,2107.21909,MMU_35ac_nb4_w3_iter3,1010.132145,52.06325959205314
01121,2259.6963399999995,Baseline,2259.6963399999995,-0.00839670342613743
05007,2758.379525,Baseline,2758.379525,-0.25800075499038067
05025,195.040415,MMU_15ac_nb4_w9_iter3,28.688955,85.29076396807298
05039,161.681165,MMU_15ac_nb4_w3_iter3,26.465005000000005,83.63136176066025
05103,69.61119000000001,MMU_15ac_nb4_w3_iter3,14.45412,79.23592456902402
05121,14572.045190000004,MMU_35ac_nb4_w3_iter3,12129.7033,16.760460581580187
06003,2.891135,CSB_field_modal,2.66874,7.692307692307696
06005,2289.633275,CSB_field_modal,2190.445105,4.332054878963111
06013,15034.051915,MMU_35ac_nb4_w3_iter3,8302.155265,44.77765999519632
06015,53.54277,Baseline,53.54277,-15.78366229464782
06025,26009.075984999996,Baseline,26009.075984999996,-2.2462607488898834
06027,2600.8166300000003,CSB_field_modal,2546.1074599999997,2.103538149092822
06039,80294.40696500002,MMU_35ac_nb4_w3_iter3,65567.63246,18.340971758368383
06059,2839.21151,Baseline,2839.21151,-0.21932356846496823
06069,6735.18133,MMU_15ac_nb8_w9_iter3,3658.697705,45.67781436405663
06087,16962.896115,Baseline,16962.896115,-0.35398819631338524
06107,83487.59127,MMU_35ac_nb4_w3_iter3,43415.57058999999,47.99757673018323
08005,46584.61030500001,MMU_35ac_nb4_w3_iter3,38522.384445,17.306629393730645
08019,22,Baseline,22,NA
08027,882.5379400000002,MMU_35ac_nb4_w3_iter3,288.520895,67.30781965022376
08035,3379.69202,Baseline,3379.69202,-1.6121816626356409
08071,5327.405624999999,MMU_35ac_nb8_w9_iter3,716.0452999999998,86.55921192409673
12039,4492.615105000001,MMU_35ac_nb4_w9_iter3,2417.79595,46.18288249734226
12055,64141.997825000006,MMU_35ac_nb4_w3_iter3,37428.132820000006,41.648008965801175
12113,21386.81513,Baseline,21386.81513,-3.942145849558284
12117,849.7463550000001,MMU_2ac_nb8_w3_iter3,34.496165,95.94041624338595
12129,272.788445,MMU_1ac_nb8_w3_iter3,87.16018,68.04843401633084
13021,2088.584605,MMU_15ac_nb8_w3_iter3,1269.8912549999998,39.19847671193574
13075,2538.5763999999986,MMU_1ac_nb8_w3_iter3,1046.7507399999984,58.76623055347089
13311,1009.070065,CSB_field_modal,916.33135,9.190512950158723
16015,1442.922265,Baseline,1442.922265,-5.409899541608362
16039,22592.277370000003,MMU_35ac_nb4_w3_iter3,10179.74523500001,54.94148257706165
16077,42352.915895,MMU_1ac_nb8_w3_iter3,42119.84593499999,0.5503044007119312
17047,10630.69335,MMU_25ac_nb4_w9_iter3,9142.870800000002,13.995536330657108
19045,57016.000175,CSB_field_modal,36996.224669999974,35.11255690254149
21187,8435.42317,CSB_field_modal,8430.752875,0.05536527220839735
27129,44289.29631499996,CSB_field_modal,34191.67373499996,22.79923913936769
27173,37946.50954000002,MMU_35ac_nb4_w3_iter3,32841.08421000004,13.45426863205502
28033,13287.052619999997,CSB_field_modal,8064.328439999999,39.30686759032341
28035,2273.73378,MMU_35ac_nb4_w9_iter3,1682.1630800000005,26.01758856747072
28053,27077.025555000007,MMU_35ac_nb4_w3_iter3,24692.283970000008,8.807250929966479
28083,16958.479635,MMU_15ac_nb4_w3_iter3,15914.147285000014,6.158172032383283
28089,3960.8184199999982,CSB_field_modal,2033.330425000001,48.663881819656815
28103,20735.451224999993,CSB_field_modal,14327.039809999997,30.905579750652382
28109,1116.778995,MMU_35ac_nb4_w9_iter3,550.598675,50.697615422109536
28121,4144.921320000001,MMU_35ac_nb4_w3_iter3,3320.5030550000006,19.88984111765964
28131,758.9128000000001,MMU_25ac_nb4_w9_iter3,350.06371,53.87299963843014
28137,10701.82627,CSB_field_modal,7311.636889999999,31.678606010486096
28143,34267.38476,Baseline,34267.38476,-7.941152320373364
28157,4857.02908,MMU_35ac_nb4_w9_iter3,2997.3620900000005,38.288158447673936
29037,33662.57494999999,CSB_field_modal,21577.18585999999,35.90155865364068
29087,44055.657925000014,MMU_35ac_nb4_w3_iter3,31382.923640000008,28.76528210422817
29095,2321.473634999997,Baseline,2321.473634999997,-27.67634942362815
29099,4010.25795,Baseline,4010.25795,-3.3828484773654126
29143,39496.74455500002,MMU_15ac_nb4_w3_iter3,37718.32124999999,4.502708577724769
29153,619.645415,MMU_5ac_nb8_w3_iter3,600.964235,3.014817756700418
29183,4316.261230000002,CSB_field_modal,3929.7055150000047,8.95579980917876
29195,47201.73599500001,CSB_field_modal,23269.142859999996,50.70278164670712
29205,28308.953339999993,CSB_field_modal,13629.771364999991,51.85349595478901
30003,22324.370045000003,MMU_15ac_nb8_w3_iter3,8788.723095000001,60.631708409759064
30007,18815.114939999996,CSB_field_modal,11567.039494999994,38.52262113791798
30015,43312.74442000005,MMU_35ac_nb4_w3_iter3,31756.210639999987,26.681601304081138
30031,23356.123094999995,CSB_field_modal,12266.841209999991,47.4791207423203
30035,24560.12004999999,CSB_field_modal,6441.154609999976,73.77392864168846
30045,12609.693155,Baseline,12609.693155,-14.42177174849743
30049,17561.461219999997,CSB_field_modal,14409.23449,17.949683631166543
30051,9238.796159999998,CSB_field_modal,4606.3083099999785,50.14168263671293
30069,24609.65388,CSB_field_modal,20874.085065,15.179282216707064
30071,27816.267950000005,CSB_field_modal,18953.382409999987,31.862238154777387
30081,8631.541145,CSB_field_modal,7721.278410000001,10.545772993589775
30085,8050.187355000041,MMU_5ac_nb4_w3_iter3,1390.0356049999832,82.73287882999865
34009,717.38718,MMU_25ac_nb4_w3_iter3,595.56454,16.981435324785153
35041,186954.188645,MMU_35ac_nb4_w3_iter3,160180.040875,14.321234503518069
35051,1589.1765399999992,CSB_field_modal,1050.9806399999998,33.86633809733937
36009,10531.965475,MMU_5ac_nb4_w3_iter3,7409.236605000001,29.650010507654077
36013,8200.627620000003,Baseline,8200.627620000003,-13.57048059694728
36017,7426.172640000003,MMU_1ac_nb8_w3_iter1,4908.424615000002,33.903709852347305
36019,16118.79565,MMU_15ac_nb4_w9_iter3,2613.0904099999984,83.7885505422361
36031,3001.5667050000006,MMU_1ac_nb8_w3_iter3,1651.8118599999998,44.96834412347336
36091,2173.11878,MMU_1ac_nb8_w3_iter3,1802.7249799999995,17.044342141297967
36105,2025.87379,MMU_5ac_nb4_w3_iter3,1000.63284,50.60734558395169
36111,4802.786735000001,MMU_5ac_nb8_w9_iter3,1271.1977700000002,73.53207960003246
36115,14007.71588,MMU_5ac_nb4_w3_iter3,3186.614214999999,77.25100764251083
36119,558.250325,MMU_15ac_nb4_w3_iter3,30.95178,94.45557331292194
37007,6612.89828,MMU_35ac_nb4_w9_iter3,5652.601395,14.521573511939772
37019,3353.6360099999997,Baseline,3353.6360099999997,-16.810748790832566
37021,1872.867555,MMU_1ac_nb8_w3_iter3,1049.83692,43.944945962823304
37029,17909.76335,MMU_25ac_nb4_w3_iter3,17823.918879999997,0.4793166069388779
37031,19935.111780000003,MMU_15ac_nb8_w9_iter3,17807.359819999998,10.673388659574412
37039,2074.04641,MMU_2ac_nb8_w3_iter3,1316.346645,36.532440226349614
37049,14748.365570000002,MMU_35ac_nb4_w3_iter3,12662.30047,14.144381559427275
37053,17858.692675000002,MMU_35ac_nb4_w3_iter3,17311.156185,3.065938251832315
37055,4434.333905,MMU_35ac_nb4_w9_iter3,3361.055635,24.203821656050955
37059,2912.8386299999997,CSB_field_modal,1498.539855000001,48.55396932853774
37075,185.049745,MMU_15ac_nb4_w9_iter3,22.44479,87.87094248630281
37079,21396.204435,MMU_25ac_nb4_w3_iter3,19610.083060000004,8.347842162501731
37087,1531.1132900000002,MMU_2ac_nb8_w3_iter3,1085.43371,29.108204004943367
37089,10172.755260000002,MMU_35ac_nb4_w3_iter3,1720.037065,83.09172863163917
37099,1543.09961,CSB_field_modal,1535.98297,0.46119122536749185
37103,13555.372310000002,MMU_35ac_nb4_w3_iter3,12470.529500000002,8.003046948402119
37113,484.6079600000001,MMU_1ac_nb8_w3_iter1,87.24724499999999,81.99632441035429
37119,1661.055575,MMU_25ac_nb8_w3_iter3,757.5520700000001,54.39333388950577
37127,23867.368970000003,MMU_5ac_nb4_w3_iter3,21270.684950000003,10.87964083206612
37131,14901.633860000002,Baseline,14901.633860000002,-7.478517828782484
37137,16970.989455,Baseline,16970.989455,-1.0012933273606872
37141,13817.807855000005,MMU_35ac_nb4_w3_iter3,6673.030724999999,51.707023320740795
37153,3229.806704999999,CSB_field_modal,2484.783455,23.06711571459193
37165,10538.388835,MMU_35ac_nb4_w3_iter3,9886.549090000002,6.185383318132213
37167,10782.214705000002,MMU_5ac_nb4_w3_iter3,10192.423164999998,5.47004076747332
37175,2467.715195,MMU_35ac_nb4_w3_iter3,1605.04499,34.95825639635858
38019,70485.60358999993,CSB_field_modal,48593.929369999954,31.058362424388516
38035,19556.46372999999,Baseline,19556.46372999999,-11.733571271783262
38055,21283.489579999987,Baseline,21283.489579999987,-10.68890233647492
38059,105665.77792999998,CSB_field_modal,80588.51773000002,23.732622511531417
39159,21541.644055000004,CSB_field_modal,12643.842499999988,41.30511827362015
40077,146.404345,MMU_15ac_nb4_w9_iter3,59.4479,59.39471605163086
40087,23476.741555,MMU_35ac_nb4_w3_iter3,11405.80814,51.41656216098341
40125,8826.986210000001,MMU_35ac_nb4_w9_iter3,5331.82639,39.59629863293962
40135,8937.680370000002,MMU_35ac_nb4_w3_iter3,8151.1860000000015,8.799759416771359
40141,119066.59855000002,MMU_35ac_nb4_w3_iter3,100337.698545,15.729768241540157
40145,42828.001540000005,MMU_35ac_nb4_w3_iter3,39441.81527000001,7.906477417204274
41005,2776.4785449999986,CSB_field_modal,2302.3324049999987,17.077248475550522
41019,3423.58175,Baseline,3423.58175,-0.3142105486454351
42005,3753.6531600000017,CSB_field_modal,3302.4595849999996,12.020118955263351
42015,13556.23214,Baseline,13556.23214,-7.003452325064711
42033,5741.215690000001,MMU_1ac_nb8_w3_iter3,3375.246855,41.21024122331834
42035,2871.648580000001,MMU_15ac_nb8_w3_iter3,2001.6393399999995,30.29650793830772
42043,11232.742405000005,MMU_15ac_nb4_w3_iter3,3372.6142800000007,69.97514802352491
42045,1043.146065,MMU_35ac_nb4_w9_iter3,221.174145,78.79739449527618
42049,5709.685600000001,MMU_2ac_nb8_w3_iter3,1993.903440000002,65.07857735634337
42063,8416.322859999998,Baseline,8416.322859999998,-15.843978922643217
42067,9655.69025,Baseline,9655.69025,-1.5639089603148837
42091,5101.41409,MMU_15ac_nb8_w9_iter3,1806.37042,64.59079015873421
42097,11418.053145000003,MMU_5ac_nb4_w3_iter3,11377.354859999998,0.35643804143465335
42101,162.02020000000002,MMU_5ac_nb8_w9_iter3,45.029545,72.2074500586964
42111,16017.892479999997,Baseline,16017.892479999997,-4.763655680375776
42125,92884.360785,MMU_35ac_nb4_w3_iter3,49942.55502500001,46.231470397258434
42127,2345.183265,MMU_1ac_nb8_w3_iter3,1953.718665,16.69228182898534
44007,1333.15076,MMU_2ac_nb8_w3_iter3,851.220795,36.14969735305856
45003,5310.706725000001,MMU_5ac_nb8_w3_iter3,4679.150175,11.892137576096353
45017,8722.780759999996,CSB_field_modal,4385.188679999997,49.72717071935213
45021,1083.492875,MMU_15ac_nb4_w3_iter3,619.029485,42.86723066822197
45025,4558.527795000002,MMU_5ac_nb4_w3_iter3,1804.2342950000009,60.42068018146196
45027,22549.888605,CSB_field_modal,21631.439390000003,4.072965641153308
45031,28555.84180999999,Baseline,28555.84180999999,-5.031095597037869
45035,7501.426764999998,CSB_field_modal,4909.190644999999,34.55657438521964
45041,28892.093900000007,MMU_35ac_nb4_w3_iter3,24164.86578,16.36166674648667
45049,6589.479115000001,Baseline,6589.479115000001,-12.976879660388764
45055,2447.2720649999997,Baseline,2447.2720649999997,-8.207443825825736
45059,1073.64679,MMU_15ac_nb4_w9_iter3,545.0249699999999,49.2361011948818
45061,16964.588369999998,Baseline,16964.588369999998,-6.82751685297744
45065,46.482110000000006,MMU_2ac_nb8_w3_iter3,2.4479000000000006,94.73367280444026
45069,14386.179069999998,Baseline,14386.179069999998,-10.379128625708148
45075,17827.179135000002,Baseline,17827.179135000002,-13.86726863111199
45085,16778.44476,Baseline,16778.44476,-2.877617990858429
45089,15351.019605000003,MMU_15ac_nb4_w3_iter3,11864.737895,22.71042445196592
46023,25819.674170000013,Baseline,25819.674170000013,-4.42211595112472
46029,39977.34469,MMU_35ac_nb4_w3_iter3,35209.41828500001,11.926571016590444
46057,9572.90815500001,MMU_25ac_nb4_w3_iter3,5955.875875000005,37.78404870740141
46137,53159.951625,MMU_35ac_nb4_w3_iter3,51923.65782,2.3256112302754577
47001,87.46656,MMU_2ac_nb8_w3_iter3,66.11664,24.40923708443547
47005,2846.046354999999,CSB_field_modal,1451.967315,48.98300540856789
47013,565.573885,Baseline,565.573885,-7.549825254042622
47019,1114.80407,Baseline,1114.80407,-6.982235900878976
47025,2071.765195,Baseline,2071.765195,-5.592708830114305
47035,4384.4682649999995,Baseline,4384.4682649999995,-0.22825515878149957
47053,59184.53930999999,CSB_field_modal,37780.354929999994,36.16516176275023
47057,1293.51481,CSB_field_modal,1179.4261749999998,8.820048608488687
47059,5444.241655,CSB_field_modal,5207.613374999999,4.346395604660214
47063,3562.121515,CSB_field_modal,3450.034435,3.1466383032696705
47081,4438.828025,CSB_field_modal,3935.803815,11.332365371375246
47091,1429.119825,Baseline,1429.119825,-9.259197352468329
47097,29982.26557499999,CSB_field_modal,18736.853025000004,37.506880598698686
47107,1906.1889199999996,CSB_field_modal,1302.5412150000004,31.667779550413048
47117,5777.147099999999,CSB_field_modal,4517.501819999999,21.803932948150145
47121,229.25370499999983,CSB_field_modal,58.230304999999845,74.60005935345738
47127,1177.38102,MMU_35ac_nb4_w3_iter3,1084.197515,7.914473175387181
47135,3224.293445,MMU_35ac_nb8_w3_iter3,2452.36994,23.940857684558555
47141,638.4417550000001,Baseline,638.4417550000001,-21.597099331324262
47145,187.72937,MMU_2ac_nb8_w3_iter3,175.479015,6.5255399301665005
47155,749.623615,MMU_25ac_nb4_w3_iter3,639.53809,14.68543983903174
47159,5218.568025,CSB_field_modal,4752.8728949999995,8.923810665474663
47165,9007.25567,CSB_field_modal,6962.762099999999,22.698296183703196
47183,45504.67500999999,CSB_field_modal,26972.49965999999,40.72587123394997
47185,2160.86008,Baseline,2160.86008,-0.3808027681274104
48001,4067.73378,MMU_35ac_nb4_w3_iter3,2643.738595,35.00708900866173
48003,21403.61643,MMU_35ac_nb4_w3_iter3,16100.38526,24.77726690414252
48005,287.59253,MMU_5ac_nb8_w3_iter3,249.118195,13.378071746161142
48023,74019.18279500002,MMU_35ac_nb4_w3_iter3,64779.162945,12.483277308789985
48029,23998.81687,MMU_35ac_nb4_w3_iter3,11921.434,50.32490949625717
48039,16382.432315000002,MMU_35ac_nb4_w3_iter3,11893.834029999998,27.398851395773352
48043,104.66874,MMU_15ac_nb4_w3_iter3,101.777605,2.762176176000594
48053,3053.53474,MMU_35ac_nb4_w9_iter3,1063.98907,65.15549484136538
48057,18955.918445000007,MMU_35ac_nb4_w9_iter3,14365.463250000004,24.216474703238795
48063,199.79003,MMU_15ac_nb4_w3_iter3,84.11664,57.897478667979584
48067,828.53027,MMU_15ac_nb4_w3_iter3,433.334355,47.698428085192354
48083,59204.978045,MMU_35ac_nb4_w3_iter3,29019.304695,50.9850258318764
48091,4639.489405,MMU_35ac_nb4_w3_iter3,2707.09925,41.65092289934867
48105,320.69359000000003,MMU_35ac_nb4_w3_iter3,189.702935,40.84604715672677
48125,28609.612905,MMU_35ac_nb4_w3_iter3,17586.604730000003,38.52903641724402
48157,6859.417800000008,MMU_1ac_nb8_w3_iter3,6369.978769999996,7.135285300743919
48173,77214.95193,MMU_35ac_nb4_w3_iter3,71896.59790000001,6.887725624463772
48187,19128.269355,MMU_35ac_nb4_w3_iter3,7982.9439299999985,58.266250951169766
48199,1373.603295,MMU_35ac_nb4_w3_iter3,730.881745,46.79091498539249
48213,7404.54827,MMU_35ac_nb4_w9_iter3,5332.938845000001,27.9775261023452
48223,4046.991625000001,MMU_15ac_nb8_w9_iter3,2031.412255,49.804386980909555
48227,141653.87097000002,MMU_35ac_nb4_w3_iter3,134468.65556,5.072374909911017
48241,718.45255,MMU_2ac_nb8_w3_iter3,627.2706000000001,12.691436616099418
48245,18790.946475,MMU_35ac_nb4_w3_iter3,10671.749815000005,43.208023985391065
48267,3015.37465,MMU_35ac_nb4_w3_iter3,1899.174145,37.016975817582065
48289,5552.512490000001,MMU_35ac_nb4_w3_iter3,3665.71331,33.98099839303559
48301,6.894245000000001,MMU_1ac_nb8_w3_iter3,3.55832,48.38709677419355
48315,15.56765,MMU_15ac_nb4_w3_iter3,0.44479,97.14285714285712
48319,6247.077450000001,MMU_35ac_nb4_w9_iter3,3820.525605,38.84299281418386
48323,4059.382305,MMU_35ac_nb4_w3_iter3,2626.04653,35.309208823089655
48339,1005.538075,MMU_15ac_nb4_w3_iter3,743.5567649999999,26.05384286417996
48345,41386.660485,MMU_35ac_nb4_w3_iter3,29263.68664,29.291983704251276
48347,554.92379,MMU_1ac_nb8_w3_iter1,524.900465,5.41035103216606
48349,24447.624875000005,MMU_35ac_nb4_w3_iter3,9475.548684999996,61.24143456287389
48373,365.718485,MMU_15ac_nb4_w3_iter3,186.023325,49.13483112564027
48383,37321.98992,MMU_35ac_nb4_w3_iter3,33265.50512,10.868886703777328
48387,16977.052349999998,MMU_35ac_nb4_w3_iter3,9534.38128,43.83959545250504
48391,10419.938145,MMU_35ac_nb4_w3_iter3,6330.316490000008,39.24804157270736
48401,1329.839805,MMU_15ac_nb4_w9_iter3,1268,4.650169499175128
48403,7.777605,Baseline,7.777605,-2.85942780586054
48431,5320.800375000001,MMU_35ac_nb4_w3_iter3,3711.77255,30.24033437826542
48449,1405.996815,MMU_35ac_nb4_w9_iter3,905.83046,35.57379004446749
48459,593.04665,MMU_2ac_nb8_w3_iter3,541.228615,8.737598467169487
48465,46.010885,MMU_15ac_nb4_w9_iter3,33.77916,26.584415839860505
48469,33626.013895000004,MMU_35ac_nb4_w9_iter3,27622.460870000006,17.853894439425932
48473,5075.4054399999995,CSB_field_modal,4291.463064999999,15.445906425950486
48475,173.03886,MMU_25ac_nb4_w3_iter3,23.367025000000005,86.49608244067258
48479,1045.70129,MMU_35ac_nb4_w3_iter3,161.90356,84.51722671203743
49029,3133.8680299999996,MMU_5ac_nb8_w9_iter3,1430.44542,54.355275770817954
49035,3544.268085,MMU_15ac_nb4_w9_iter3,2879.5876550000003,18.753672523053513
49043,3441.10921,Baseline,3441.10921,-3.0827971019263187
49047,12594.890245,CSB_field_modal,9184.462919999998,27.07786458364649
49057,11793.511225000002,MMU_35ac_nb4_w3_iter3,2423.230585000001,79.45284878465021
50009,1341.1957650000002,MMU_25ac_nb4_w3_iter3,546.13364,59.2800951022985
51001,17699.46881,MMU_35ac_nb4_w3_iter3,16628.192095000002,6.052592461954214
51005,598.71536,MMU_35ac_nb4_w9_iter3,294.701395,50.77771263459818
51007,4522.739955,MMU_15ac_nb4_w3_iter3,4116.8690799999995,8.9740042327947709
51015,8683.624010000001,Baseline,8683.624010000001,-9.542603054274784
51021,1007.15076,MMU_2ac_nb8_w3_iter3,958.446255,4.835870351723705
51029,996.199025,Baseline,996.199025,-5.692710349721535
51031,4010.8576,CSB_field_modal,3855.477235,3.873993556889161
51035,2810.5508299999997,CSB_field_modal,2754.729685,1.986128285037987
51037,6972.951139999999,CSB_field_modal,6773.462825,2.860887893730453
51053,8089.969714999997,CSB_field_modal,6882.385515000002,14.926931033634864
51061,4222.055220000001,Baseline,4222.055220000001,-15.370443449576625
51067,4945.872675,CSB_field_modal,3482.9583650000013,29.57848707660067
51081,4435.343140000001,CSB_field_modal,3682.543675,16.972744638648187
51085,20528.65483,CSB_field_modal,17910.620890000002,12.75307106909936
51091,536.15239,MMU_1ac_nb8_w3_iter1,483.66717,9.78923548209866
51099,4001.02709,MMU_25ac_nb4_w3_iter3,1317.654685,67.06708914085358
51101,8348.198559999999,MMU_35ac_nb8_w3_iter3,7365.657450000001,11.769498568323447
51109,2312.9259550000006,MMU_2ac_nb8_w3_iter3,957.2060350000004,58.614929590342214
51111,3942.02283,Baseline,3942.02283,-5.019635692977465
51119,4844.87684,MMU_35ac_nb8_w3_iter3,4071.609425,15.960517481389685
51127,2764.20665,MMU_35ac_nb4_w3_iter3,2480.6530250000005,10.258047277326371
51133,11295.96752,CSB_field_modal,10806.034075,4.337241977126379
51147,1525.26912,CSB_field_modal,1319.77614,13.472571974708291
51155,3051.6728650000005,MMU_35ac_nb4_w3_iter3,1115.324905,63.45201617801848
51159,8274.34814,MMU_25ac_nb4_w3_iter3,7911.3995,4.386431823498302
51175,22648.931769999996,MMU_15ac_nb4_w3_iter3,19801.608585,12.571556194855352
51179,2485.44588,MMU_35ac_nb4_w3_iter3,821.2410100000002,66.95800071092273
51185,3112.1851650000003,CSB_field_modal,3060.505345,1.6605637923217904
51191,3797.039205,CSB_field_modal,3653.372035,3.7836630659703783
51195,94.83512500000002,MMU_1ac_nb8_w3_iter3,57.679640000000006,39.179033085051564
51199,459.91908,MMU_25ac_nb4_w9_iter3,40.91446,91.10398724923525
53049,1493.54899,CSB_field_modal,1492.881805,0.04467111587682168
53053,1538.7337500000003,MMU_15ac_nb4_w9_iter3,236.74977999999984,84.61398666273487
53073,3517.5355949999994,CSB_field_modal,1146.8048949999993,67.39748997479585
53075,26991.75349500004,Baseline,26991.75349500004,-3.7791189823550697
54011,659.780715,CSB_field_modal,658.0015549999999,0.26965929126922267
54019,316.82892000000004,Baseline,316.82892000000004,-10.565433862540075
54021,154.149295,Baseline,154.149295,-7.596002952851648
54025,1559.27552,CSB_field_modal,1534.3672799999997,1.5974239113303237
54031,2329.2448999999997,CSB_field_modal,1594.8966099999998,31.52731127585596
54043,43.00311,MMU_15ac_nb4_w3_iter3,39,9.30888486902459
54045,1.1119750000000002,MMU_15ac_nb4_w3_iter3,0,100
54059,26.909795000000003,MMU_15ac_nb4_w3_iter3,0,100
54063,2428.03445,CSB_field_modal,2326.62233,4.1767166853831075
54065,179.35138500000002,MMU_1ac_nb8_w3_iter3,120.21468,32.97253879583926
54083,1008.828785,CSB_field_modal,992.8163450000002,1.5872306815670294
54087,247.47278,MMU_15ac_nb4_w3_iter3,232.777605,5.93809751520955
54093,479.68423,MMU_5ac_nb8_w9_iter3,141.33594000000002,70.53562924092793
54103,243.75117,Baseline,243.75117,-0.1824770728279894
54107,476.5397349999999,CSB_field_modal,422.27535499999993,11.387167955679494
55003,2228.8952150000005,MMU_5ac_nb4_w3_iter3,1115.9874549999995,49.93091431622102
55011,20473.13893999999,CSB_field_modal,7682.86019499999,62.473462337573565
55051,1379.32652,MMU_35ac_nb4_w3_iter3,1177.3918600000002,14.640091165650892
55069,13739.779405,MMU_35ac_nb8_w3_iter3,2163.6998100000014,84.25229586136865
55075,14539.041425000009,MMU_15ac_nb8_w9_iter3,3229.8058899999987,77.7852899954854
55107,12951.17456,MMU_15ac_nb4_w3_iter3,662.6471550000024,94.8834976169142
55111,19894.00444499999,CSB_field_modal,8495.148719999994,57.297944999026576
55121,18639.890044999993,CSB_field_modal,11093.412864999998,40.48563141618037
56003,38754.00835,MMU_35ac_nb4_w9_iter3,19600.238975000004,49.423969778857725
56029,16258.484275000008,MMU_35ac_nb4_w3_iter3,2238.593985000003,86.23122581948063
56033,24610.914185,MMU_35ac_nb4_w9_iter3,3702.448260000003,84.95607179737927
01011,5980.379955,MMU_35ac_nb4_w3_iter3,2667.6605900000004,55.3931253520162
01013,2848.095975,MMU_35ac_nb4_w9_iter3,2487.3015800000003,12.6679156238757
01021,4600.83342,MMU_35ac_nb4_w3_iter3,3901.17875,15.207128929262565
01027,647.23633,MMU_35ac_nb4_w9_iter3,288.513195,55.423825637228994
01031,19634.620955,CSB_field_modal,17971.995935,8.467823360636908
01035,5049.81869,MMU_15ac_nb4_w9_iter3,3776.607315,25.21301165765221
01047,10889.035609999995,CSB_field_modal,8770.278444999998,19.45771178353232
01065,2563.8189000000007,MMU_35ac_nb4_w3_iter3,750.446015,70.72936723416775
01085,3438.84396,MMU_15ac_nb4_w3_iter3,2877.0741900000007,16.336006417691582
01119,4346.257935,MMU_25ac_nb4_w3_iter3,3906.805415,10.111054764171516
04005,445.68118,CSB_field_modal,444.7916,0.19960008183428313
04015,1471.3593750000002,CSB_field_modal,672.0717449999986,54.32307317850213
05017,18252.16062000001,MMU_5ac_nb4_w3_iter3,16794.361395000014,7.986995377427226
05021,28893.669319999994,CSB_field_modal,21883.334129999992,24.262530010847385
05057,1315.88321,MMU_35ac_nb4_w3_iter3,548.18506,58.34090321739116
05063,10910.614340000002,MMU_25ac_nb4_w3_iter3,9008.700150000004,17.431779098151097
05091,16303.855435,MMU_25ac_nb4_w3_iter3,14144.622379999995,13.243696030110218
05099,353.531855,MMU_15ac_nb8_w3_iter3,156.48988500000002,55.73528020551359
05101,4.3312599999999994,Baseline,4.3312599999999994,-35.94254327839937
06001,3305.0827299999996,CSB_field_modal,2892.317609999999,12.488798427142555
06047,30364.87273499999,MMU_5ac_nb4_w3_iter3,23219.98857000001,23.53009751549016
06065,51258.23502000001,MMU_35ac_nb4_w9_iter3,28932.73113,43.554960254267456
06067,61832.234820000005,MMU_35ac_nb4_w3_iter3,39327.195190000006,36.39693712432437
06077,28207.646960000035,MMU_35ac_nb8_w3_iter3,7934.2758999999805,71.87189732184605
06079,28026.821275,CSB_field_modal,24989.572759999995,10.836935395557106
06105,205.64232,Baseline,205.64232,-30.27799919783049
06109,314.222335,MMU_2ac_nb8_w3_iter3,44.29862,85.90214155209559
08029,22579.379940000003,MMU_35ac_nb4_w3_iter3,4870.288485000003,78.4303709936155
08095,13212.215675000012,MMU_35ac_nb4_w3_iter3,10993.380760000013,16.793813918724112
08107,8345.423925000003,MMU_15ac_nb8_w9_iter3,1406.4874049999994,83.1466032446039
09007,2077.7479399999997,MMU_15ac_nb4_w3_iter3,1087.20061,47.67408552935444
10003,20218.61551,MMU_25ac_nb4_w3_iter3,19767.376055,2.2318019489357153
12069,5230.762065,MMU_5ac_nb8_w9_iter3,61.19028999999974,98.83018402979108
12075,9812.34333,MMU_35ac_nb4_w3_iter3,3893.745195000002,60.31788672645231
12095,2135.0427900000004,MMU_1ac_nb8_w3_iter3,457.63812000000024,78.5653888463753
12131,6882.202045,Baseline,6882.202045,-4.7049929351500115
13019,9623.244475,Baseline,9623.244475,-28.982488205985227
13031,19529.998590000003,CSB_field_modal,8858.596909999997,54.64107757521351
13039,243.985975,MMU_15ac_nb4_w3_iter3,46.46345,80.95650784845317
13105,1647.5412,CSB_field_modal,1599.281485,2.9291962471105393
13121,178.964235,Baseline,178.964235,-21.249801671266894
13135,73.86468500000001,MMU_1ac_nb8_w3_iter1,25.566095,65.38793200025152
13149,287.48519,MMU_25ac_nb4_w3_iter3,69.013995,75.99389554641058
13163,15583.219089999997,CSB_field_modal,12056.751715,22.629903068378145
13179,859.811725,MMU_35ac_nb4_w9_iter3,125.842915,85.36389870701055
13183,1169.79607,MMU_15ac_nb8_w9_iter3,161.72161,86.1752305254368
13251,19568.8681,CSB_field_modal,13869.773829999998,29.12326988396432
13265,66.7185,MMU_15ac_nb4_w3_iter3,4.670294999999999,93
13283,2987.63568,MMU_35ac_nb4_w9_iter3,1616.7929,45.88386693788581
13301,2503.54612,CSB_field_modal,2269.364185,9.354009224323782
13317,301.84920999999997,CSB_field_modal,276.94097,8.251881792236581
13319,1215.941,CSB_field_modal,1208.8243599999998,0.5852783975538348
16027,23031.976115000005,MMU_5ac_nb4_w3_iter3,14578.730379999995,36.70221648716749
16029,2452.03502499999,MMU_1ac_nb8_w3_iter3,1726.0157899999904,29.608844392424725
16037,12352.25456,CSB_field_modal,11667.945144999998,5.539955573907809
16059,10641.39979,CSB_field_modal,9941.967515,6.5727469017494675
16085,908.407575,CSB_field_modal,867.4868949999999,4.504660807127257
16087,16712.725820000003,MMU_35ac_nb4_w3_iter3,5246.949005000004,68.6050674108408
17129,14048.68961000001,MMU_25ac_nb4_w3_iter3,9955.981405000002,29.132312825010903
17161,16370.257000000012,MMU_25ac_nb4_w3_iter3,10089.52884,38.366704688875735
17197,9456.134510000022,MMU_15ac_nb8_w3_iter3,4418.438804999993,53.27436596499955
18017,8363.144750000016,MMU_35ac_nb4_w9_iter3,6314.6068799999985,24.494827379378
18027,18468.98841999999,CSB_field_modal,9395.717209999992,49.127061015288696
18073,19435.542875000017,MMU_35ac_nb4_w3_iter3,10807.728850000023,44.391937392692874
18095,4730.790239999996,Baseline,4730.790239999996,-10.980911510462429
18107,24203.57973499999,CSB_field_modal,15008.880854999992,37.98900402614348
18125,10598.910265,MMU_35ac_nb8_w3_iter3,597.1414949999961,94.36601046645434
18159,7563.8807250000045,MMU_35ac_nb4_w3_iter3,6732.699780000004,10.98881612784819
19069,23339.463954999985,CSB_field_modal,10104.639979999994,56.70577525052674
19111,8566.090000000004,Baseline,8566.090000000004,-9.297082974846155
20001,14879.388744999997,MMU_25ac_nb4_w3_iter3,12974.13078,12.804678993552278
20067,6409.396084999993,Baseline,6409.396084999993,-2.62467302330876
20069,57895.36409500002,MMU_35ac_nb4_w3_iter3,52788.50770999999,8.820838187700536
20081,74498.70480500002,MMU_35ac_nb4_w3_iter3,73656.27254500001,1.1308012162158632
20101,10358.16951500002,MMU_35ac_nb4_w3_iter3,6069.003925,41.40852863808352
20161,13105.31348,MMU_5ac_nb4_w3_iter3,12857.120660000008,1.8938335231641672
21011,5299.753235,CSB_field_modal,5258.704385,0.7745426660416935
21013,78.010885,MMU_2ac_nb8_w3_iter3,73.34059,5.9867222375441544
21025,313.323485,Baseline,313.323485,-3.3360298542575015
21069,21265.5905,Baseline,21265.5905,-2.4074256955150175
21079,6191.20864,CSB_field_modal,6112.703205,1.268014689293366
21121,484.48214,Baseline,484.48214,-3.167352051408948
21127,210.645415,Baseline,210.645415,-1.4780905627592245
21139,3077.795214999998,Baseline,3077.795214999998,-25.6332858389997
21165,2619.79474,CSB_field_modal,2578.651665,1.570469410134013
21209,10917.487165,CSB_field_modal,10688.420315,2.0981645917052987
21229,8923.280755,CSB_field_modal,8622.38032,3.372083018136526
21239,6785.417219999999,CSB_field_modal,6466.5027900000005,4.699997356979028
22001,4150.9667750000035,MMU_5ac_nb8_w9_iter3,1132.1602099999936,72.72538491951691
22009,16800.673784999995,MMU_15ac_nb4_w9_iter3,14123.921794999986,15.93240857036266
22017,3837.843555000001,MMU_25ac_nb4_w9_iter3,1898.3367599999983,50.53636937527544
22021,11142.583685,MMU_35ac_nb4_w9_iter3,7394.975995000001,33.63320210055932
22031,2414.228345,MMU_35ac_nb4_w3_iter3,1388.32021,42.49424612732729
22033,3183.82243,MMU_35ac_nb4_w9_iter3,1908.8318950000005,40.045905920701735
22039,25886.86081000001,MMU_35ac_nb4_w3_iter3,14537.154380000007,43.84350235937315
22043,4660.081740000001,MMU_15ac_nb4_w3_iter3,4551.997770000001,2.319357814526246
22053,32007.120845,MMU_35ac_nb4_w3_iter3,18982.335275,40.69339955028998
22055,6647.0251400000025,MMU_25ac_nb8_w9_iter3,1882.8082299999996,71.67442291334558
22075,726.171065,MMU_5ac_nb8_w9_iter3,654.559875,9.861476648067766
22087,21.010885,MMU_2ac_nb8_w3_iter3,10.780715,48.68985766187382
22091,1287.651635,Baseline,1287.651635,-1.3817091142046285
22103,136.777605,MMU_1ac_nb8_w3_iter3,127.21462,6.9916306839851385
22107,15615.972609999995,Baseline,15615.972609999995,-5.132639509669386
22111,770.09324,MMU_35ac_nb4_w3_iter3,529.01706,31.304804078010086
22127,449.009285,MMU_25ac_nb4_w9_iter3,126.091745,71.91778673351932
23017,3379.812785,MMU_35ac_nb4_w9_iter3,1610.07307,52.36206345080146
23021,913.5129100000004,MMU_1ac_nb8_w3_iter3,511.6439499999999,43.99160160746938
23025,2095.632105000001,MMU_5ac_nb4_w3_iter3,1091.8283050000002,47.89981016252852
23029,13036.798065,MMU_35ac_nb4_w3_iter3,1138.2207750000005,91.2691692444344
24001,1269.620385,MMU_1ac_nb8_w3_iter3,1257.539705,0.9515190637081664
24013,16736.099000000002,Baseline,16736.099000000002,-9.631389967279675
24017,6931.163575,CSB_field_modal,6691.199369999999,3.4621056393117997
24029,24164.650350000004,Baseline,24164.650350000004,-2.5148561481254577
24033,3117.8696750000004,MMU_1ac_nb8_w3_iter3,2295.301925,26.38236474717309
24045,13591.426170000002,MMU_25ac_nb4_w3_iter3,3668.8433950000017,73.00619266064851
25011,4150.3418,MMU_15ac_nb8_w3_iter3,2754.1623499999996,33.64010766534939
25021,912.569145,MMU_5ac_nb4_w3_iter3,459.10574,49.690854384519
25023,16253.427825,MMU_35ac_nb4_w3_iter3,5054.2828100000015,68.90328080685957
26029,558.0726399999994,Baseline,558.0726399999994,-135.33646533899255
26055,17874.715375000003,MMU_35ac_nb4_w3_iter3,7254.748340000002,59.41334903633395
26115,6970.303094999995,Baseline,6970.303094999995,-36.92808899295087
26135,2784.31804,MMU_15ac_nb4_w3_iter3,939.029305,66.27435186965926
26153,2127.867435,MMU_35ac_nb4_w3_iter3,411.29379,80.671080198189145
27077,13521.783125,MMU_35ac_nb4_w3_iter3,12146.047655000002,10.174216353584638
27103,27597.71662499998,CSB_field_modal,21896.848640000004,20.657027762346548
27107,34092.39705499998,CSB_field_modal,22331.927059999973,34.49587301247044
27127,8328.205624999982,Baseline,8328.205624999982,-9.287592607921674
27139,19907.121789999997,CSB_field_modal,13788.368154999996,30.73650575681739
27167,13731.089479999988,CSB_field_modal,9599.638355000005,30.08829802629754
28001,9240.494395,MMU_35ac_nb4_w9_iter3,6306.950400000001,31.746613001435616
28029,2186.576665,MMU_25ac_nb8_w9_iter3,1532.71216,29.9035709776954
28055,26469.7275,MMU_35ac_nb4_w3_iter3,22169.497780000005,16.24584053613697
28087,3519.46424,Baseline,3519.46424,-2.581801484648643
28145,2804.3675700000003,MMU_15ac_nb4_w3_iter3,752.9423250000015,73.15108286607375
28159,1048.70935,CSB_field_modal,971.31589,7.37987698879581
29013,35628.81888499999,CSB_field_modal,20189.72199500001,43.33317065556714
29029,460.914385,MMU_15ac_nb8_w9_iter3,149.42613,67.58050196241977
29031,26069.930585,Baseline,26069.930585,-0.1740264702741643
29197,7246.051219999999,CSB_field_modal,3872.946745,46.5509333647796
29201,24924.794180000004,MMU_35ac_nb8_w9_iter3,22546.946840000004,9.540088166136265
30001,15531.23013,CSB_field_modal,13996.259839999995,9.88312115107398
30005,8524.162295000016,MMU_5ac_nb8_w9_iter3,1472.7153499999874,82.72304891632776
30013,31845.92870000001,Baseline,31845.92870000001,-7.921346897319336
30027,20223.35584999999,CSB_field_modal,6067.069075000004,69.9996918414507
30039,827.9289600000013,MMU_2ac_nb8_w3_iter3,573.2868999999996,30.756510800153833
30055,73489.63085000002,CSB_field_modal,52090.33916000002,29.11879055928064
30057,5454.1310300000005,CSB_field_modal,2692.0467199999985,50.642060023996194
30063,510.1047350000006,MMU_1ac_nb8_w3_iter3,202.77371999999923,60.24861051329018
30075,12833.623485,MMU_1ac_nb8_w3_iter3,10833.848239999998,15.582311942822304
30089,382.8939700000004,MMU_1ac_nb8_w3_iter3,282.06707999999935,26.33284875183617
30093,432.53201999999993,CSB_field_modal,261.510265,39.539675004870155
30097,5110.139615000001,MMU_5ac_nb8_w3_iter3,2000.8351199999993,60.84578366260549
31077,10325.729999999996,Baseline,10325.729999999996,-8.569948129575401
31185,6676.505600000011,MMU_35ac_nb4_w3_iter3,4260.419539999992,36.18788337420125
32003,1533.268865,MMU_35ac_nb4_w3_iter3,541.8319550000001,64.6616475839024
33015,1746.3778200000002,MMU_2ac_nb8_w3_iter3,1340.236465,23.25621353803039
34003,59.130635,MMU_5ac_nb8_w9_iter3,44.452565,24.82312256582396
34007,2368.69933,MMU_35ac_nb4_w3_iter3,482.714015,79.62113600125011
34013,16.569205,MMU_15ac_nb4_w3_iter3,1,93.96470741957748
34023,854.3080550000001,Baseline,854.3080550000001,-15.878970613240943
35007,7410.879005000001,MMU_35ac_nb4_w3_iter3,2562.223215000001,65.42619015542812
35017,1478.3589350000002,MMU_5ac_nb4_w3_iter3,347.25796499999996,76.5105782649462
35021,4037.581225,MMU_25ac_nb4_w3_iter3,2545.53317,36.95400716056183
35057,7596.773969999999,Baseline,7596.773969999999,-0.634839672609089
35061,16221.99556,Baseline,16221.99556,-1.5765893231449013
36029,20330.51725500001,MMU_25ac_nb8_w3_iter3,4203.178650000002,79.32576629861057
36043,14145.710315,MMU_35ac_nb8_w3_iter3,9008.385815,36.317190056920786
36047,10.236390000000002,MMU_1ac_nb8_w3_iter1,2.2177299999999995,78.3348426544905
36061,2.446345,MMU_15ac_nb4_w3_iter3,0,100
36071,7254.9898250000015,MMU_5ac_nb4_w3_iter3,3361.50343,53.66632468020037
36113,809.9314600000001,MMU_35ac_nb4_w3_iter3,173.7294,78.55011089456877
37013,43385.911815,MMU_25ac_nb4_w3_iter3,40256.921749999994,7.211995631997313
37015,10615.077425,Baseline,10615.077425,-5.267046179835097
37037,3115.3421599999997,MMU_2ac_nb8_w3_iter3,2965.8927200000003,4.797207893209388
37043,781.475905,MMU_15ac_nb8_w3_iter3,679.3966,13.062373944849908
37051,15284.040455000004,MMU_35ac_nb4_w3_iter3,11162.47928,26.966437226693415
37057,5695.76334,Baseline,5695.76334,-9.882463708543051
37085,13729.24565,Baseline,13729.24565,-18.976697565317437
37093,5405.911615,CSB_field_modal,5231.659059999999,3.2233704028104175
37111,1471.75407,MMU_35ac_nb4_w3_iter3,104.667215,92.88826733123965
37117,12005.181695,Baseline,12005.181695,-8.115766339511488
37125,6015.275695000001,MMU_35ac_nb4_w3_iter3,3676.11555,38.88699809626931
37129,1346.9329100000002,MMU_35ac_nb8_w3_iter3,438.1165950000001,67.47302024122345
37159,14833.391109999997,CSB_field_modal,11191.45059,24.552312367363985
37173,258.051285,MMU_5ac_nb4_w3_iter3,4.60654,98.21487422548584
37177,19253.80181,MMU_35ac_nb4_w3_iter3,18237.90145,5.276362403774012
38005,71803.76187999998,CSB_field_modal,45743.07098999998,36.29432526606781
38037,108933.94184,CSB_field_modal,92804.744465,14.806402029121683
38053,27827.787415000024,Baseline,27827.787415000024,-7.464371022470596
38095,27436.64538499998,CSB_field_modal,17333.462929999994,36.82367983851097
38099,36499.836509999994,CSB_field_modal,32498.69649500001,10.962076539449088
39167,13576.90941,CSB_field_modal,12547.442955,7.5824801058313955
39175,2097.6958050000026,Baseline,2097.6958050000026,-22.29679936838984
40027,6548.074770000001,MMU_35ac_nb4_w3_iter3,1829.5766350000008,72.0593197349822
40043,52774.24524,MMU_35ac_nb4_w3_iter3,37010.44285000001,29.87025644480822
40055,29361.503435,MMU_35ac_nb4_w3_iter3,19354.789755,34.08106707530387
40067,78566.667215,MMU_35ac_nb4_w3_iter3,65210.95788500001,16.99920564716294
40075,73925.76727999999,MMU_35ac_nb4_w3_iter3,61494.77636000003,16.815504765634067
40101,19290.7596,MMU_25ac_nb4_w3_iter3,17788.926165,7.785247787754304
40113,17011.74917,MMU_35ac_nb4_w3_iter3,10155.533715,40.30282475061909
40143,10783.60298,MMU_35ac_nb4_w3_iter3,9136.54561,15.273720416587516
41001,6958.255880000001,MMU_5ac_nb8_w3_iter3,2059.7836100000004,70.39798987673905
41017,3148.8369300000013,MMU_15ac_nb8_w3_iter3,105.46910499999969,96.65053772727444
41023,1473.7391049999994,Baseline,1473.7391049999994,-8.148884669786925
41031,18289.618950000004,MMU_35ac_nb4_w3_iter3,8703.50487,52.41286932333821
41049,33763.03532,MMU_5ac_nb4_w3_iter3,33442.78652000001,0.9485189852296548
41051,948.8811600000004,MMU_1ac_nb8_w3_iter3,178.81337000000005,81.1553461552551
41055,19646.074784999993,CSB_field_modal,18477.166664999997,5.949830349279087
42027,12541.880790000005,MMU_15ac_nb4_w3_iter3,11267.534570000003,10.160726619376511
42029,16049.853180000006,MMU_5ac_nb4_w3_iter3,12850.743129999995,19.93233217850537
42031,5211.79711,Baseline,5211.79711,-21.332451964923074
42051,14908.91273,MMU_5ac_nb8_w9_iter3,2412.910615,83.81565001621686
42089,2458.01948,MMU_1ac_nb8_w3_iter1,1934.7240450000004,21.28931195451713
42103,1394.332665,MMU_35ac_nb4_w9_iter3,996.413585,28.53831728886592
42115,5076.607435,MMU_1ac_nb8_w3_iter3,4332.873015,14.65022516557851
42129,26334.02837,MMU_15ac_nb4_w3_iter3,7338.266464999999,72.13390081496294
42131,3983.06773,MMU_2ac_nb8_w3_iter3,3444.885885,13.51174224195278
44009,1897.617215,MMU_15ac_nb8_w3_iter3,475.832135,74.92475662432268
45013,1686.87412,CSB_field_modal,1685.762145,0.0659192637326218
45015,2411.7144000000008,MMU_1ac_nb8_w3_iter3,2184.9470400000005,9.402745200675522
45043,1110.6020700000004,MMU_1ac_nb8_w3_iter1,740.3143949999999,33.34116557157149
45045,1807.188245,Baseline,1807.188245,-2.4366144546275468
45057,1734.5911999999998,CSB_field_modal,1699.4527899999998,2.0257458933263432
45063,8978.046955,CSB_field_modal,7816.477869999999,12.93788159966246
45071,4305.7132999999985,CSB_field_modal,3994.692499999999,7.223444254869443
45073,2663.388915,CSB_field_modal,2516.163425,5.527750347342713
46041,54433.688715,Baseline,54433.688715,-1.5978833430781654
46055,56345.20243500001,MMU_35ac_nb4_w3_iter3,50702.818889999995,10.013955583013615
46085,53005.07555499998,CSB_field_modal,34564.082155,34.79099540357214
46093,86213.162045,MMU_35ac_nb4_w3_iter3,85226.84022,1.1440501677518644
46123,101948.777775,CSB_field_modal,80099.80339499998,21.43132547230778
46127,19345.681395000003,MMU_5ac_nb4_w3_iter3,18575.972300000005,3.9787127642809974
47009,3200.863595,CSB_field_modal,2850.3690749999996,10.949998636227416
47037,1426.226925,MMU_35ac_nb4_w3_iter3,783.5053750000001,45.06446616130179
47079,28372.82159,CSB_field_modal,19330.407485,31.869985423610455
47093,605.976615,CSB_field_modal,605.5241100000001,0.07467367366973898
47105,5464.5091600000005,CSB_field_modal,4863.15308,11.004759300284537
47119,12432.081165,CSB_field_modal,9276.9633,25.37883901436064
47151,374.58477,CSB_field_modal,370.804055,1.009308253509613
47157,12441.407525000002,MMU_35ac_nb4_w3_iter3,2043.1442550000063,83.577868895505
47163,1736.297095,CSB_field_modal,1706.496165,1.7163497010861537
48009,76449.60777,MMU_35ac_nb4_w3_iter3,57067.661125,25.352578267387507
48025,50195.601195,MMU_35ac_nb4_w3_iter3,43672.75584500001,12.99485451854642
48035,17397.365955,MMU_35ac_nb4_w3_iter3,4822.93026,72.27781336281029
48041,16511.630335,MMU_35ac_nb4_w3_iter3,14187.82498,14.073748672014478
48055,8068.190270000002,MMU_35ac_nb4_w3_iter3,3605.15946,55.31638026181552
48089,8783.401325000004,MMU_35ac_nb4_w3_iter3,3110.772060000004,64.5835144621494
48103,27.682735,MMU_15ac_nb4_w3_iter3,7,74.71348116434305
48107,109623.98275500002,MMU_35ac_nb4_w3_iter3,100507.56691500002,8.316077933762356
48133,28731.235575,MMU_35ac_nb4_w3_iter3,13551.887245,52.83221562252636
48201,6023.369189999999,MMU_35ac_nb4_w3_iter3,3061.88901,49.1665060962335
48203,763.83825,MMU_1ac_nb8_w3_iter3,710.43857,6.990967001194297
48229,3860.2529200000017,MMU_35ac_nb4_w9_iter3,1776.1893750000004,53.98774609307206
48239,38567.823010000015,MMU_35ac_nb4_w3_iter3,31273.489405000004,18.913003212830308
48261,18532.397745,MMU_35ac_nb4_w9_iter3,8576.44078,53.72190421331798
48287,4352.108355,MMU_15ac_nb4_w9_iter3,1107.810095,74.54543856364991
48313,1003.488255,MMU_25ac_nb4_w3_iter3,385.00776,61.63305767838808
48343,439.4152,MMU_35ac_nb4_w9_iter3,81.58164500000001,81.43404119839278
48371,4431.3706,CSB_field_modal,4355.3000250000005,1.7166376244857506
48389,3317.842165,MMU_5ac_nb4_w3_iter3,2935.98995,11.509053053462532
48405,58.550545,Baseline,58.550545,NA
48419,2311.443235,Baseline,2311.443235,-0.0673503452919521
48427,16181.330880000003,MMU_35ac_nb4_w3_iter3,5457.090459999999,66.27539168150304
48455,466.385655,MMU_15ac_nb4_w3_iter3,154.36547,66.90175430031182
48457,443.93312,MMU_2ac_nb8_w3_iter3,405.88647,8.570356273485515
48503,60278.206425,MMU_35ac_nb4_w3_iter3,44193.93284,26.683397763356727
49005,44852.09397000001,MMU_15ac_nb4_w3_iter3,29614.889625000003,33.97211366584498
49007,1308.5060349999997,Baseline,1308.5060349999997,-9.500820147153572
49017,2206.9809249999994,CSB_field_modal,753.4072049999999,65.86254115449594
49023,6109.737540000002,MMU_15ac_nb4_w3_iter3,1675.4935000000014,72.57666979914164
49033,3006.793540000001,MMU_5ac_nb4_w3_iter3,558.1562049999999,81.43682971328987
49049,18643.36036000001,MMU_25ac_nb4_w9_iter3,1152.9081699999952,93.81598516717187
50017,2788.9211449999993,CSB_field_modal,2598.32863,6.833915521121689
51003,1688.809275,CSB_field_modal,1551.4120749999995,8.135744043684289
51009,1276.55047,MMU_35ac_nb4_w9_iter3,839.3219,34.250786026501565
51019,4394.945995,CSB_field_modal,4213.24928,4.1342195150227266
51033,7101.990160000002,Baseline,7101.990160000002,-8.12923429902355
51036,10384.38883,CSB_field_modal,9145.871075,11.92672746827413
51051,111.46034,Baseline,111.46034,-3.570583940440161
51059,773.33896,MMU_5ac_nb8_w9_iter3,128.528775,83.38002070915967
51069,6912.80664,MMU_15ac_nb4_w9_iter3,6046.3557200000005,12.533996177274812
51077,4103.999925,MMU_5ac_nb8_w3_iter3,3971.452505,3.2297130219855066
51083,10035.123655,Baseline,10035.123655,-1.2986732847588351
51087,2079.0939100000005,MMU_35ac_nb4_w3_iter3,1217.4928299999997,41.44118146159162
51105,2111.928515,Baseline,2111.928515,-2.937987936585069
51113,2291.3061749999997,CSB_field_modal,2059.2411550000015,10.128066800151595
51139,6762.023894999999,CSB_field_modal,6300.99906,6.817852793168812
51141,1933.0495200000005,MMU_1ac_nb8_w3_iter3,1588.130905,17.843237404492378
51167,2223.22869,CSB_field_modal,2174.30179,2.2007137736244298
51181,10343.17278,MMU_25ac_nb4_w3_iter3,8758.386009999998,15.322056429961345
53007,3755.06563,MMU_5ac_nb8_w9_iter3,675.9323499999991,81.99945309611009
53009,1770.312645,Baseline,1770.312645,-3.454679328689988
53019,2594.8011850000003,CSB_field_modal,2585.905385,0.34283166091587225
53021,40202.738335000024,MMU_25ac_nb4_w3_iter3,30481.968305,24.179372929771887
53029,1529.360925,Baseline,1529.360925,-4.566092206128513
53031,91.995335,MMU_1ac_nb8_w3_iter3,84.433905,8.219362427453524
53035,694.09487,Baseline,694.09487,-4.835728003579682
53041,10410.112095,CSB_field_modal,10370.30339,0.38240419158522393
53043,29494.949040000047,MMU_35ac_nb4_w3_iter3,17992.94660500003,38.99651570647365
53065,6512.535899999997,MMU_1ac_nb8_w3_iter1,4023.49106,38.21928781997191
53077,76884.83364000003,MMU_35ac_nb4_w3_iter3,40661.04057000001,47.11435448974459
54003,3781.6448,MMU_5ac_nb4_w3_iter3,3510.0332550000003,7.18236532949894
54017,371.786935,Baseline,371.786935,NA
54041,212.637625,MMU_5ac_nb8_w9_iter3,117.452565,44.76397815297269
54047,6.22706,MMU_15ac_nb4_w3_iter3,0,100
54057,1238.368475,MMU_1ac_nb8_w3_iter1,1051.556675,15.085316185879169
54099,148.22083999999998,Baseline,148.22083999999998,NA
55023,25751.347199999997,CSB_field_modal,22495.929189999995,12.641738642706816
56039,2818.411835,MMU_35ac_nb4_w3_iter3,1783.830295,36.70796180856941
01015,2234.043045,MMU_25ac_nb4_w3_iter3,1117.620145,49.973204522565496
01019,12476.969435,CSB_field_modal,9363.217039999996,24.95599922097591
01037,397.64848000000006,MMU_15ac_nb4_w3_iter3,192.822685,51.509261395894185
01039,11417.763730000002,CSB_field_modal,10490.598975,8.120370826766107
01041,3361.823925,MMU_25ac_nb4_w9_iter3,2825.4071850000005,15.9561223897233
01053,16032.777770000004,MMU_35ac_nb4_w3_iter3,12554.51997,21.6946673240142
01067,9853.078275,CSB_field_modal,9669.157609999998,1.8666315223198664
01077,18224.28255,CSB_field_modal,12283.444914999996,32.598471949174225
01107,4577.966295000001,MMU_25ac_nb4_w3_iter3,2280.7651800000003,50.1795113150784
01111,801.4480199999999,CSB_field_modal,754.3002799999999,5.882819449725511
01125,2818.960515,CSB_field_modal,2029.235869999999,28.01474659888952
04027,14589.816864999992,CSB_field_modal,13663.319295,6.350302944669571
05005,7.339035,MMU_15ac_nb4_w3_iter3,0,100
05009,488.447885,MMU_35ac_nb4_w3_iter3,381.253495,21.945921620686313
05023,1278.78538,Baseline,1278.78538,NA
05037,57658.23009000001,MMU_15ac_nb4_w3_iter3,53059.32388499999,7.976148761107451
05043,7344.587494999997,MMU_35ac_nb4_w9_iter3,7273.643490000001,0.965935868396862
05049,8.556765,MMU_15ac_nb4_w9_iter3,7,18.193382662723582
05053,319.637625,MMU_5ac_nb4_w3_iter3,196.430795,38.54578446451666
05083,3738.349755,MMU_15ac_nb4_w3_iter3,3511.062065,6.079893666878157
05097,7.11664,MMU_15ac_nb4_w3_iter3,0,100
05127,7.339035000000001,MMU_15ac_nb4_w3_iter3,1.556765,78.7878787878788
05137,333.59250000000003,MMU_35ac_nb4_w3_iter3,185.47743,44.400000000000006
05149,3134.6815500000007,MMU_35ac_nb4_w3_iter3,1527.0366900000004,51.285747351274
06021,6799.681009999998,MMU_35ac_nb8_w9_iter3,1600.172079999993,76.46695370493573
06029,55630.65476500004,CSB_field_modal,49847.445340000006,10.39572417299416
06035,14633.185065,MMU_35ac_nb4_w9_iter3,4220.862535,71.1555446319369
06049,16965.289715,CSB_field_modal,14949.501435000002,11.881838234791363
06063,5344.267745,Baseline,5344.267745,-3.383197542248131
06093,45286.95861,MMU_35ac_nb4_w3_iter3,21469.121295000004,52.59314832800603
06103,14547.10668,CSB_field_modal,10201.953169999995,29.86953767221568
08001,3955.855635,CSB_field_modal,3740.730110000008,5.438154089766024
08011,21715.404265,MMU_35ac_nb4_w3_iter3,11153.493930000004,48.63787109882753
08014,3902.03756,CSB_field_modal,3853.11066,1.253880805801364
08033,14763.002320000003,MMU_35ac_nb4_w3_iter3,6587.762120000001,55.37654213414769
08047,0.667185,Baseline,0.667185,NA
08059,3454.402805,CSB_field_modal,3453.513225,0.02575206338740868
08077,27908.000455000005,MMU_35ac_nb4_w3_iter3,17240.719115,38.22302266764099
08097,518.5191,MMU_5ac_nb4_w3_iter3,44.362645000000064,91.4443566302572
08101,16170.69216,MMU_35ac_nb4_w3_iter3,10979.61805,32.10174344200737
08105,7703.926470000002,MMU_35ac_nb4_w3_iter3,1889.3262550000036,75.4758010430491
08121,157167.491745,MMU_35ac_nb4_w3_iter3,140879.50434,10.36345825982054
09003,5473.48634,MMU_5ac_nb4_w3_iter3,3418.55654,37.54334390099164
12005,1646.41662,MMU_35ac_nb4_w9_iter3,77.1975,95.31118071439296
12027,45147.966895000005,MMU_35ac_nb4_w3_iter3,32198.332175000007,28.68265308627692
12035,3736.094345000001,MMU_35ac_nb4_w3_iter3,2356.355765,36.92997158507251
12065,9081.930455000002,MMU_35ac_nb8_w3_iter3,4906.870965,45.97105770284166
12081,8347.731225000001,MMU_2ac_nb8_w3_iter3,1067.583495000001,87.21109405388167
12087,245.301685,MMU_15ac_nb4_w3_iter3,9.34059,96.19220308250227
12101,10415.438415,MMU_35ac_nb8_w3_iter3,405.6618599999999,96.10518689817437
12115,7525.54504,MMU_35ac_nb4_w3_iter3,760.0667450000001,89.9001767850691
12119,4804.540495,MMU_15ac_nb8_w3_iter3,494.30300000000005,89.71175286139409
12133,3906.186745,MMU_35ac_nb4_w3_iter3,1029.40288,73.64685952821745
13003,3967.97891,MMU_5ac_nb8_w3_iter3,2750.811074999999,30.674755652872175
13009,174.416785,MMU_15ac_nb4_w9_iter3,71.00310999999999,59.291125564549304
13015,1792.425385,CSB_field_modal,1220.4254449999996,31.912064222411153
13035,412.51469,MMU_1ac_nb8_w3_iter1,196.569145,52.34857090786271
13043,9491.14854,MMU_35ac_nb8_w9_iter3,5252.299840000001,44.66107217830984
13047,540.0450500000001,MMU_15ac_nb4_w9_iter3,124.388795,76.96695951569225
13057,236.2597,MMU_1ac_nb8_w3_iter1,44.50234,81.16380406815043
13081,17899.917665,CSB_field_modal,13496.051875,24.602715344389264
13085,65.192865,Baseline,65.192865,-14.327626190381425
13091,11263.12713,MMU_35ac_nb4_w9_iter3,8122.909729999999,27.880511013995815
13095,29030.76016,MMU_35ac_nb4_w3_iter3,18328.445575,36.86543006802202
13101,1102.842915,MMU_1ac_nb8_w3_iter3,928.861785,15.775694582940671
13115,2577.1111050000004,MMU_35ac_nb4_w3_iter3,2081.771205,19.22074291011213
13119,833.057655,Baseline,833.057655,-15.531775528789794
13123,504.49459499999995,Baseline,504.49459499999995,-1.4547301542447737
13129,6661.4332349999995,CSB_field_modal,6153.26066,7.628577170600431
13159,477.925375,Baseline,477.925375,-22.05683889456591
13169,308.57384,MMU_15ac_nb4_w9_iter3,68.83203,77.69349793229392
13173,3732.737579999999,CSB_field_modal,2237.1312049999992,40.06727885221441
13177,29342.270914999997,MMU_35ac_nb4_w9_iter3,15703.00796,46.48332432929552
13233,1968.617305,Baseline,1968.617305,-5.08365692741892
13241,61.61274500000001,Baseline,61.61274500000001,-5.4547723851615215
13243,11244.03245,CSB_field_modal,9963.704435,11.386733546824644
13249,1818.754385,MMU_2ac_nb8_w3_iter3,1263.8788599999998,30.50854637527101
13273,23510.119185,MMU_5ac_nb4_w3_iter3,19265.043424999996,18.056377028953808
13279,5514.701245,Baseline,5514.701245,-24.378070819682275
13287,19093.901885,MMU_35ac_nb4_w9_iter3,10315.971235000005,45.97242985152166
13297,1119.52387,MMU_5ac_nb8_w9_iter3,527.7090350000001,52.863083214116735
13307,7648.581675,MMU_1ac_nb8_w3_iter1,7524.70766,1.6195684410992517
13313,734.237795,MMU_1ac_nb8_w3_iter1,178.02790000000005,75.75337292463948
13321,25047.80294,CSB_field_modal,15871.562844999997,36.63491012357831
16009,2207.623419999998,CSB_field_modal,656.4182949999959,70.26583931601901
16019,22803.96268500002,MMU_35ac_nb4_w3_iter3,7856.794734999996,65.54636207956946
16021,5786.5686650000025,CSB_field_modal,5505.23899,4.861770269859963
16033,12523.337255000006,MMU_35ac_nb4_w3_iter3,9773.645475,21.956541806794963
16057,6379.496780000009,MMU_25ac_nb8_w3_iter3,2103.9017750000057,67.02088193545569
16067,22197.235074999982,CSB_field_modal,9074.150914999993,59.120354925555986
16071,31179.15342,MMU_35ac_nb4_w3_iter3,19399.112665000008,37.781785144440896
17007,11745.703634999996,Baseline,11745.703634999996,-4.224210489370226
17013,2633.621720000001,Baseline,2633.621720000001,-0.2584778956030557
17033,6495.018909999993,CSB_field_modal,4535.2335350000085,30.17366696165611
17037,41351.440955,CSB_field_modal,32635.336115,21.078116357505294
17057,4106.820390000022,Baseline,4106.820390000022,-16.32523817288129
17061,13448.543749999995,CSB_field_modal,5385.775349999998,59.95272462120666
17071,21796.676195000004,MMU_35ac_nb4_w3_iter3,13470.20739500001,38.20063538820669
17081,18907.91189499999,MMU_5ac_nb4_w3_iter3,17722.546545,6.269149954699393
17085,47809.995165,CSB_field_modal,35689.91245499999,25.350520677050156
17095,12427.11888500001,Baseline,12427.11888500001,-2.421320965740295
17101,13593.471494999994,MMU_5ac_nb4_w3_iter3,13346.835440000006,1.8143713700411832
17119,64753.035699999986,CSB_field_modal,48867.58324499999,24.53236714429437
17139,18790.509274999993,CSB_field_modal,13454.808434999995,28.39572233999494
17143,12654.103994999983,CSB_field_modal,5904.707175000005,53.337611439473456
17149,16906.68106000001,MMU_5ac_nb4_w3_iter3,15852.973550000006,6.2324917957611365
17159,8885.261250000007,MMU_35ac_nb8_w3_iter3,5610.592230000003,36.8550673735114
17177,57628.694939999994,CSB_field_modal,42703.988885,25.89804622599701
17183,40121.46148000004,MMU_35ac_nb4_w3_iter3,28515.333615000018,28.927480298257606
17187,37587.116159999976,CSB_field_modal,26706.885574999993,28.94670221222949
17203,40387.330189999986,CSB_field_modal,32543.680934999997,19.421064027010377
18007,17566.07461999999,CSB_field_modal,14967.536920000006,14.792933288814552
18023,8557.460600000008,MMU_15ac_nb4_w9_iter3,6536.5572350000075,23.61568997466372
18033,4113.076900000001,Baseline,4113.076900000001,-2.840937279825579
18037,23119.48394999999,CSB_field_modal,14876.190879999998,35.655177632111446
18041,11754.89181500001,MMU_35ac_nb4_w3_iter3,5115.733880000001,56.47995778683398
18065,13299.630155000012,MMU_35ac_nb4_w3_iter3,6770.518504999998,49.09243019472528
18067,1375.0858549999962,MMU_15ac_nb8_w3_iter3,977.8601399999958,28.88733918363239
18081,29205.868665,CSB_field_modal,23966.46486,17.939558193243702
18085,18212.621255000005,CSB_field_modal,17245.870190000005,5.308137974563056
18087,34054.493975,CSB_field_modal,32907.380565,3.3684641176642023
18093,10167.628740000002,CSB_field_modal,6160.2932349999965,39.41268517441958
18097,3806.819405,MMU_15ac_nb4_w3_iter3,3396.544055000001,10.777378865441568
18099,5501.392429999999,Baseline,5501.392429999999,-11.335231724234706
18105,6273.474069999998,CSB_field_modal,5156.828775,17.799472549664955
18109,22361.167489999996,CSB_field_modal,17792.28461,20.4322197490056
18111,18329.324335000016,MMU_15ac_nb4_w3_iter3,14946.47399000001,18.455946783266963
18113,9974.348549999995,Baseline,9974.348549999995,-3.3266667826642067
18117,3474.6962949999984,CSB_field_modal,2684.4091,22.744065319815203
18121,10130.088835000006,MMU_25ac_nb8_w9_iter3,4781.559005000005,52.798449422482264
18139,24088.207135000004,MMU_35ac_nb4_w3_iter3,18806.10349000001,21.92817263400702
18145,21760.99249999999,CSB_field_modal,13841.506549999996,36.393036530847574
18147,7466.293244999993,CSB_field_modal,3627.463260000002,51.4154729667331
18149,17896.445460000003,MMU_35ac_nb4_w3_iter3,8129.6106850000015,54.57415997399966
18153,6783.501909999992,Baseline,6783.501909999992,-9.68476745073987
18163,16088.122595,CSB_field_modal,12417.493119999996,22.815772650444565
18183,16705.618310000013,MMU_35ac_nb8_w3_iter3,11457.4697,31.41547060762462
19009,14861.549634999996,CSB_field_modal,9221.167645,37.952852350716505
19013,27520.65315000001,CSB_field_modal,13070.760419999988,52.5056315024268
19019,33064.157699999996,CSB_field_modal,16402.54669499999,50.3917600326471
19039,36051.88719000001,MMU_35ac_nb4_w3_iter3,29464.769685000007,18.271214126141835
19043,60920.913954999975,CSB_field_modal,38263.75614499999,37.191099639010645
19053,19387.12987500001,MMU_35ac_nb4_w3_iter3,11749.418390000006,39.395782326959825
19063,7362.621755000002,MMU_35ac_nb8_w9_iter3,7231.408704999996,1.7821511734036548
19067,42214.512494999966,CSB_field_modal,28239.655484999985,33.10439037204378
19081,23018.938094999983,CSB_field_modal,11276.898935000005,51.010342490779394
19083,14602.506574999989,CSB_field_modal,2077.4425699999947,85.77338377264182
19087,45711.553345,CSB_field_modal,36617.15461,19.895186379604315
19089,38880.941430000006,CSB_field_modal,22692.36458999999,41.63627794132867
19093,6513.569819999988,MMU_5ac_nb4_w3_iter3,6418.829549999989,1.454506094478304
19097,42078.30729499999,CSB_field_modal,23239.894029999996,44.769893268112746
19099,15075.020935000017,MMU_15ac_nb4_w3_iter3,11496.462990000018,23.73832819489874
19101,8467.901665000009,MMU_5ac_nb8_w9_iter3,7575.953555000001,10.533283749463637
19103,65392.96257999999,CSB_field_modal,46526.972334999984,28.850184332786363
19125,13550.333539999992,CSB_field_modal,4421.733734999998,67.3680819594054
19131,33553.91655499998,CSB_field_modal,21442.952039999996,36.09404134729925
19135,9555.651059999997,CSB_field_modal,4915.082984999997,48.56359912958144
19141,35877.61985000002,MMU_35ac_nb4_w3_iter3,30889.96718500001,13.901849358605125
19145,24274.288689999987,CSB_field_modal,5654.934499999982,76.70401562650284
19151,11001.145720000004,MMU_5ac_nb4_w3_iter3,10471.845620000024,4.811317961525746
19155,37308.85497500001,CSB_field_modal,11091.375609999985,70.27146607036825
19165,17803.347124999975,CSB_field_modal,5281.619044999988,70.33356139204079
19175,22922.931675000007,MMU_35ac_nb4_w3_iter3,17296.115780000004,24.546667829301548
19183,27687.25598499999,CSB_field_modal,12040.321585000009,56.51312794766284
19193,12872.31962500001,MMU_5ac_nb4_w3_iter3,11525.776430000004,10.460765691249708
20015,44893.41926500001,Baseline,44893.41926500001,-3.657423096485072
20021,103891.652295,CSB_field_modal,84538.839395,18.627880558726456
20025,11121.029515000004,MMU_35ac_nb4_w3_iter3,5796.0036350000055,47.88249031097007
20029,47967.541120000016,MMU_35ac_nb4_w3_iter3,31557.172865000015,34.211401860158546
20045,34566.7742,CSB_field_modal,25956.97417,24.907733594649407
20055,48993.113974999986,CSB_field_modal,34722.24921999997,29.12830721942291
20059,57635.846805,CSB_field_modal,41064.75056499999,28.751371166741382
20063,9604.733315000003,MMU_35ac_nb4_w9_iter3,5321.87181999998,44.59115474149969
20073,18701.11269,CSB_field_modal,13710.124100000001,26.68819055172486
20075,23078.33102499999,CSB_field_modal,20581.05756999999,10.820858112723942
20077,27780.62921500001,MMU_35ac_nb4_w3_iter3,27111.88745,2.407223248345016
20085,9171.068770000002,MMU_5ac_nb4_w3_iter3,6571.820605,28.341823948617066
20087,8796.462324999997,CSB_field_modal,8166.379104999999,7.162916144246646
21067,7743.90407,CSB_field_modal,7437.88855,3.9516956464570447
21101,24226.19275000001,MMU_35ac_nb4_w3_iter3,14597.378830000014,39.74546896148174
21141,58357.756579999994,CSB_field_modal,51530.003845,11.699820443988688
21177,7100.471639999999,CSB_field_modal,4044.764339999999,43.03527223157813
21217,9385.50127,CSB_field_modal,5341.248194999998,43.090432345122906
22027,292.86778,MMU_15ac_nb4_w3_iter3,222.81335500000003,23.920154344052456
22047,9846.53221,MMU_35ac_nb4_w3_iter3,4803.533629999996,51.215986221813246
22049,35.5832,MMU_15ac_nb4_w3_iter3,1.3343700000000005,96.25
22051,304.01396500000004,MMU_35ac_nb4_w3_iter3,8.895800000000001,97.07388441843452
22067,27897.40627500001,MMU_35ac_nb4_w3_iter3,20732.06177000001,25.684626141825785
22083,16931.020235000004,MMU_35ac_nb4_w3_iter3,450.8543599999943,97.33711050047664
22093,1486.0376550000017,MMU_5ac_nb4_w3_iter3,957.404740000002,35.5733189681522
22117,4096.836859999999,Baseline,4096.836859999999,-0.9228375766956972
23001,631.0898300000001,MMU_5ac_nb8_w3_iter3,413.2770899999998,34.513745848194105
26105,17879.245300000006,MMU_35ac_nb4_w9_iter3,6366.023954999998,64.39433629225951
26109,16269.803485,MMU_15ac_nb4_w3_iter3,4874.785214999998,70.0378359241135
26121,17195.00365,MMU_35ac_nb4_w3_iter3,8208.466490000003,52.26249056364695
26131,526.702845,MMU_25ac_nb4_w3_iter3,26.752665000000007,94.92072897384864
27023,10392.085605,MMU_5ac_nb4_w3_iter3,8650.955150000002,16.754389072413712
27049,54046.56531499999,CSB_field_modal,34685.52379999998,35.82288976581196
27061,4738.0799050000005,CSB_field_modal,4696.492039999999,0.8777366746414214
27065,6903.352560000001,MMU_5ac_nb8_w9_iter3,2818.6795500000017,59.16941043497855
27083,16159.044354999998,CSB_field_modal,3961.345789999968,75.48527188258981
27089,27033.12255,MMU_5ac_nb8_w9_iter3,19969.10077999998,26.13098711380651
27091,13639.145399999989,CSB_field_modal,7622.305870000017,44.11449070702022
27131,4876.681850000001,Baseline,4876.681850000001,-16.816524641647437
27141,9730.104035,CSB_field_modal,8599.556285000004,11.61907155291784
28049,2023.655609999999,Baseline,2023.655609999999,-18.760918761270837
29017,3447.669929999998,MMU_15ac_nb8_w9_iter3,2644.2122549999995,23.304367625470444
29021,13460.823644999991,CSB_field_modal,7016.048500000004,47.878014859765976
29039,4150.537689999999,CSB_field_modal,3212.9810999999995,22.588798368435008
29085,8141.894725,CSB_field_modal,7848.555719999999,3.602834658366336
29147,46925.92648500002,MMU_35ac_nb4_w3_iter3,17332.713415000002,63.063673509908334
29165,8454.958675000003,MMU_5ac_nb4_w3_iter3,5839.148685000006,30.938175933781224
30033,24974.726914999996,Baseline,24974.726914999996,-3.0747716986598657
30059,1347.5252600000022,Baseline,1347.5252600000022,-51.772915559297054
30061,413.1835799999999,CSB_field_modal,346.02029,16.255072382111603
30105,30676.611749999953,CSB_field_modal,27491.32453499999,10.38343882616035
31013,38949.08629,MMU_35ac_nb4_w3_iter3,30926.40906,20.597857341931483
31019,15949.95368,Baseline,15949.95368,-1.2367707703586883
31047,37592.11936500002,MMU_2ac_nb8_w3_iter3,37158.44911500002,1.1536201132723931
31055,10529.432384999993,CSB_field_modal,7474.3922699999985,29.01429064070102
31075,1421.10405,MMU_35ac_nb4_w9_iter3,556.209895,60.86071987480439
31135,67740.82899999998,MMU_35ac_nb4_w3_iter3,64748.72666999999,4.416985109526779
31141,14250.824925000014,MMU_25ac_nb4_w9_iter3,10748.103674999997,24.57907713016141
31145,40871.24211000002,MMU_35ac_nb4_w3_iter3,36107.096420000016,11.656473950994386
31151,23198.23532499998,CSB_field_modal,12112.108225000004,47.78866558032031
31159,17151.69234499998,CSB_field_modal,5643.640674999983,67.09572115987024
32001,6902.719784999999,MMU_35ac_nb4_w9_iter3,703.903949999999,89.80251303943089
36089,19801.844365000004,MMU_15ac_nb4_w3_iter3,7925.98952,59.97347835937302
36093,1278.35448,MMU_35ac_nb4_w3_iter3,641.192805,49.842331291395794
37083,22778.932180000007,MMU_25ac_nb4_w3_iter3,17171.242255000005,24.61787883948124
37101,48154.40969500001,MMU_15ac_nb4_w3_iter3,43394.48951,9.88470259556363
37123,1958.084015,MMU_5ac_nb4_w3_iter3,1949.188215,0.4543114560893815
37149,1458.180215,MMU_35ac_nb8_w9_iter3,291.40125,80.01610178204207
37161,1667.97316,MMU_15ac_nb8_w3_iter3,1210.3734249999998,27.434478322181167
38041,34657.85905999997,CSB_field_modal,22522.66781999999,35.01425526311777
38043,133448.89934,CSB_field_modal,124778.43213,6.49721897511455
38051,85168.74350499999,CSB_field_modal,66884.19234000001,21.46861678654043
38065,23576.370564999997,Baseline,23576.370564999997,-2.6167035689363076
39093,8111.403819999999,CSB_field_modal,6583.563000000008,18.835713939341144
39101,19989.609215000008,MMU_35ac_nb4_w3_iter3,12847.07992000001,35.73121024117026
39103,11193.549485,CSB_field_modal,6199.669759999998,44.61390671200488
39111,4479.48374,Baseline,4479.48374,-5.982519204322418
39115,7847.894305,CSB_field_modal,7744.48063,1.3177251244848385
39157,18705.768525,CSB_field_modal,16554.319295,11.501528136225026
39163,764.44325,CSB_field_modal,671.2597449999998,12.189721735393722
39165,13872.373009999996,CSB_field_modal,8126.3533949999965,41.4205962516863
39169,59686.707955,CSB_field_modal,50089.25173,16.079721187229623
39173,50448.21361000003,MMU_35ac_nb4_w3_iter3,37463.138005,25.73941607800772
40001,584.37942,MMU_15ac_nb8_w9_iter3,280.810245,51.94727339987434
40007,44763.72159500001,MMU_35ac_nb4_w3_iter3,28716.36558,35.84902113409725
40031,34248.217905,MMU_35ac_nb4_w3_iter3,18154.014150000003,46.99282105610042
40035,15265.692855,MMU_15ac_nb8_w9_iter3,13292.622515,12.924865964100402
40041,2667.47272,MMU_25ac_nb4_w3_iter3,2090.357695,21.635273743305603
40095,3498.3036899999997,CSB_field_modal,3311.0470999999993,5.352782565312395
41015,1051.8958,MMU_1ac_nb8_w3_iter3,1032.76983,1.8182380802357083
41065,17621.42122500001,MMU_35ac_nb4_w3_iter3,4125.10058,76.59042067419848
42059,32950.818845,MMU_35ac_nb4_w3_iter3,7646.493350000001,76.79422357918038
45007,6496.270930000001,CSB_field_modal,6236.95836,3.991714212572108
45051,37430.177025000005,MMU_5ac_nb4_w3_iter3,34261.937855,8.464398038737311
45067,8375.0635,MMU_5ac_nb4_w3_iter3,8339.92509,0.4195599233367036
45083,5043.5711200000005,CSB_field_modal,4890.1185700000005,3.0425376454292956
46025,18731.621280000007,MMU_5ac_nb8_w3_iter3,16084.022080000015,14.134383566823814
46035,19448.50037,CSB_field_modal,16846.701264999996,13.377890611110404
46045,55461.662495,CSB_field_modal,38599.48595500002,30.403301634746597
46049,12646.049404999998,MMU_1ac_nb8_w3_iter3,12261.880540000002,3.0378567463772774
46059,67023.421465,CSB_field_modal,60763.66939999999,9.339648630544607
46065,9247.57471,MMU_35ac_nb4_w3_iter3,8891.742709999999,3.847841311465351
46079,73309.45821000003,MMU_35ac_nb4_w3_iter3,70423.66069,3.936460029118544
46083,24316.277784999984,CSB_field_modal,15651.546189999975,35.63346196162076
46087,14532.42427499997,CSB_field_modal,7079.484350000005,51.284904596552465
46091,19574.40073000001,Baseline,19574.40073000001,-12.925373245896472
47029,499.44322,MMU_2ac_nb8_w3_iter3,271.04355499999986,45.730857053180166
47033,8575.564170000001,MMU_15ac_nb4_w3_iter3,7248.977994999996,15.469374943759597
47073,1977.629895,Baseline,1977.629895,-3.463623814202098
47149,9907.58506,CSB_field_modal,7270.869939999999,26.61309596669767
47189,1532.82418,MMU_5ac_nb8_w9_iter3,1360.24566,11.258859447272023
48037,6269.787855000002,MMU_15ac_nb4_w9_iter3,3542.0171649999993,43.50658671528531
48119,9807.860410000005,MMU_35ac_nb4_w3_iter3,4564.453495000001,53.46127183512801
48165,248483.163765,MMU_5ac_nb4_w3_iter3,247383.42049,0.4425826113676136
48181,24532.91686500001,MMU_35ac_nb4_w3_iter3,6587.86431500001,73.14683634542205
48191,76404.533755,MMU_35ac_nb4_w3_iter3,62906.491625,17.66654603676142
48205,82466.36892000001,MMU_35ac_nb4_w3_iter3,71804.75262000001,12.92844154487114
48219,195029.368425,MMU_35ac_nb4_w3_iter3,188799.63968500003,3.1942516095444655
48311,1151.338915,MMU_35ac_nb4_w9_iter3,254.197485,77.92157620243385
48333,12837.94566,MMU_35ac_nb4_w3_iter3,5030.99158,60.81155261721212
48377,403.86932,MMU_35ac_nb4_w9_iter3,130.101075,67.78634361233479
48411,25866.36247,MMU_35ac_nb4_w3_iter3,15454.27336,40.25339520420012
48451,68063.661485,MMU_35ac_nb4_w3_iter3,52862.798405,22.333302012190455
48507,21560.99088,MMU_35ac_nb4_w3_iter3,14415.463965,33.14099502554959
49009,1485.40288,Baseline,1485.40288,-9.492268521789867
49021,22419.180405,Baseline,22419.180405,-2.481947510783683
49027,16781.409525000003,MMU_35ac_nb8_w9_iter3,11082.510424999991,33.959597324111
49051,2691.308355,CSB_field_modal,2425.5463299999997,9.87482629057571
49055,3430.5295249999995,CSB_field_modal,1622.0133850000004,52.71827940323584
50003,2073.3745,MMU_5ac_nb4_w3_iter3,819.0667000000001,60.49595960594672
50011,5660.081105,MMU_5ac_nb4_w3_iter3,3956.090615,30.10540765033792
50021,5071.95882,MMU_5ac_nb4_w3_iter3,2820.87663,44.38289564030805
51043,3610.385310000001,MMU_35ac_nb4_w9_iter3,2328.05574,35.5178037770157
51057,10405.327235,CSB_field_modal,10299.780445,1.0143533943360703
51079,1125.77907,MMU_35ac_nb4_w9_iter3,693.665585,38.383506721261035
51095,3548.2702400000003,MMU_35ac_nb4_w9_iter3,2347.7820300000003,33.83305466609556
51143,15746.989404999998,CSB_field_modal,15051.337845,4.4176797361603315
53045,1089.2037349999998,Baseline,1089.2037349999998,-0.06125438047639486
53067,1387.52876,MMU_15ac_nb4_w3_iter3,1317.69673,5.032834778862539
54001,378.91289,MMU_1ac_nb8_w3_iter3,346.059105,8.670537705909144
54005,8.44479,MMU_15ac_nb4_w3_iter3,8,5.267034467405347
54039,257.993765,MMU_35ac_nb4_w3_iter3,123,52.32442923572203
55037,2738.607795,MMU_35ac_nb4_w9_iter3,721.040355,73.67128084874236
55085,5201.86401,MMU_35ac_nb4_w9_iter3,3134.0353,39.75168720337231
55089,9379.564635,MMU_15ac_nb4_w3_iter3,4381.321075,53.28865202707781
56013,34735.46224,CSB_field_modal,29139.559249999995,16.110057644651068
04003,11488.708070000004,MMU_1ac_nb8_w3_iter1,10995.219774999998,4.295420268260051
05003,37487.917665000015,MMU_35ac_nb4_w3_iter3,33854.65055000001,9.691834973250966
08063,107007.831335,MMU_35ac_nb4_w3_iter3,95227.79058000002,11.00857816482726
08073,22642.472330000015,MMU_35ac_nb4_w3_iter3,10743.227855,52.55276147222747
08085,26651.793535,MMU_35ac_nb4_w3_iter3,8982.584779999997,66.29650920789337
08099,49885.21491000001,MMU_35ac_nb4_w3_iter3,25413.76133499999,49.0555240047577
08119,52.60186,MMU_15ac_nb8_w3_iter3,9.45723,82.02111104056017
12003,174.56914500000005,MMU_1ac_nb8_w3_iter3,101.42304999999998,41.90092985790819
12049,41812.39615500001,MMU_35ac_nb4_w3_iter3,25756.811525,38.3991019564662
12057,5279.016660000005,MMU_1ac_nb8_w3_iter3,3464.758459999998,34.36735128621483
12086,14616.65533,MMU_25ac_nb4_w9_iter3,5741.015635,60.72278161189972
12091,3051.9391450000003,MMU_35ac_nb8_w3_iter3,2495.951645000001,18.21751593280867
13023,8143.057680000001,MMU_35ac_nb4_w3_iter3,7978.88762,2.0160738932651254
19113,30791.35384499999,CSB_field_modal,12862.536129999991,58.226792512117306
19117,24582.87030000001,MMU_35ac_nb4_w3_iter3,17399.5118,29.22099174074072
19127,11661.264674999991,MMU_5ac_nb4_w3_iter3,9944.59767,14.721104895940408
19137,9839.198025000002,CSB_field_modal,5505.014410000003,44.05017160938783
19139,11164.509449999992,CSB_field_modal,8660.855794999994,22.425111163303285
19147,32674.88899,CSB_field_modal,22532.120225,31.041478880323503
19157,11099.84321499999,Baseline,11099.84321499999,-3.410104833629596
19161,17153.423749999984,CSB_field_modal,6140.868140000006,64.20033557440675
19171,23526.73123499999,CSB_field_modal,6251.635260000015,73.42752294165008
19173,12530.64924500002,MMU_25ac_nb8_w3_iter3,6790.1714100000045,45.81149565965689
19177,7758.066895000003,Baseline,7758.066895000003,-14.92994074008941
19185,11347.979430000009,MMU_1ac_nb8_w3_iter3,11180.738390000002,1.4737517020684734
19187,21726.20435999999,CSB_field_modal,7782.70504499998,64.17825720479424
20003,63839.96815999999,CSB_field_modal,45619.36820499999,28.541054264523304
20007,30475.15075999999,MMU_35ac_nb4_w3_iter3,21508.629149999997,29.422402798311857
20009,11312.445254999977,Baseline,11312.445254999977,-28.58465368988885
20017,9202.184624999998,Baseline,9202.184624999998,-4.852860252192566
20091,6445.247719999999,CSB_field_modal,1808.49051,71.94071370774249
20095,15442.966200000004,CSB_field_modal,5638.460229999981,63.48848947166652
20099,70792.936115,CSB_field_modal,55668.29695499999,21.364616288030067
20103,7259.883659999998,CSB_field_modal,6026.248915000002,16.992486419541272
20105,17170.70875000002,MMU_25ac_nb4_w3_iter3,9956.703395000008,42.01343963160522
20109,33305.451755000024,MMU_35ac_nb4_w3_iter3,29801.61853000002,10.52029935151377
20111,47702.81684500001,CSB_field_modal,35151.955019999994,26.31052557290552
20133,46916.24851499999,CSB_field_modal,33236.73206499999,29.157310916763535
20137,37757.25045000001,MMU_35ac_nb4_w3_iter3,26212.503605,30.57623822552472
20147,36944.242815,MMU_35ac_nb4_w3_iter3,21804.92558500001,40.978826676218056
20151,8785.816510000011,Baseline,8785.816510000011,-15.807941964405908
20157,46083.784995000024,MMU_35ac_nb4_w3_iter3,33215.787900000025,27.923047328677846
20177,19048.766084999992,CSB_field_modal,11123.720259999996,41.6039852116227
20181,69005.87592500001,MMU_35ac_nb4_w3_iter3,66110.07063,4.196461904414271
20191,68732.61676499998,CSB_field_modal,52295.84710499997,23.914075199840116
20195,29296.105610000013,MMU_35ac_nb4_w3_iter3,21129.98360499999,27.87442847766282
21001,7891.578224999999,CSB_field_modal,6512.062039999999,17.480865622414836
21015,4189.89299,CSB_field_modal,3944.36891,5.859912904362747
21019,351.51478,CSB_field_modal,338.838265,3.606253768333728
21039,24741.84727,CSB_field_modal,19258.920939999996,22.160537449635623
21073,3585.188515,CSB_field_modal,3283.6298050000005,8.411237198220238
21087,11316.262725,CSB_field_modal,9324.048314999998,17.60487944132634
21117,2048.80561,Baseline,2048.80561,-2.632570153885903
21137,15884.615664999998,CSB_field_modal,15157.828805,4.575413565726958
21205,1814.15882,CSB_field_modal,1566.633185,13.64409952817693
21215,4173.14565,CSB_field_modal,3386.38223,18.85300648444896
21219,37714.326075,CSB_field_modal,27298.177005000005,27.61854752299189
21223,6179.16676,CSB_field_modal,6000.583575,2.8900852159555637
21225,31292.488629999996,CSB_field_modal,23905.63870499999,23.605824427521743
21233,6177.088799999999,MMU_5ac_nb4_w3_iter3,5202.423344999998,15.77871852837863
22003,5164.209300000001,CSB_field_modal,4370.926335000001,15.361169908431094
22019,4865.614485,MMU_5ac_nb4_w3_iter3,1172.967905000001,75.89270772240393
22023,2941.894600000001,MMU_25ac_nb4_w3_iter3,1521.9025249999995,48.26794525541469
23009,8366.86815,MMU_35ac_nb4_w3_iter3,106.00587500000007,98.73302802076545
23013,1378.76023,MMU_15ac_nb4_w3_iter3,50.72617000000005,96.32088532173574
23019,3413.465015,MMU_5ac_nb4_w3_iter3,978.5903599999996,71.33146653914073
24035,26963.42736999999,Baseline,26963.42736999999,-2.343263659808278
24037,12384.99916,MMU_15ac_nb8_w3_iter3,11355.7551,8.310408799414075
24047,11329.772805,MMU_35ac_nb4_w3_iter3,10701.506929999994,5.545264550430713
25009,1486.993855,Baseline,1486.993855,-4.726100229916543
25027,7393.654295000001,MMU_2ac_nb8_w3_iter3,5557.116385,24.839380321608616
26007,18251.948235000003,MMU_35ac_nb4_w3_iter3,1312.077945,92.81129922073768
26015,10749.304765000004,MMU_5ac_nb4_w3_iter3,4550.15883,57.67020352036695
26017,7769.120504999992,CSB_field_modal,3944.7795800000094,49.22488874434039
26019,5504.867,MMU_15ac_nb4_w3_iter3,1405.904755,74.46069532651741
26023,14505.158445,MMU_5ac_nb4_w3_iter3,8715.327014999999,39.915671738117304
26033,2886.87246,Baseline,2886.87246,-15.953818063718684
26039,511.3685200000001,MMU_15ac_nb8_w3_iter3,52.247275,89.78285268713842
26051,10087.71383,MMU_35ac_nb4_w9_iter3,8507.21528,15.667559336385342
26057,13110.354534999984,MMU_15ac_nb4_w9_iter3,7824.470174999988,40.31839372374382
26059,9918.088854999998,MMU_5ac_nb8_w9_iter3,8788.221710000003,11.3919844994169
26081,19731.39454,MMU_5ac_nb4_w3_iter3,1127.8303950000009,94.28408168153734
26085,3828.031740000001,MMU_25ac_nb4_w3_iter3,1870.058985,51.14828946010778
26091,21996.883805000012,MMU_35ac_nb8_w9_iter3,5202.282719999999,76.34991044132585
26101,8198.702510000001,MMU_15ac_nb8_w3_iter3,610.9840049999989,92.54779638296696
26137,4409.581805000001,MMU_5ac_nb8_w9_iter3,1324.0423299999995,69.97351702379859
26139,11900.516520000008,MMU_1ac_nb8_w3_iter1,10550.541565000009,11.343834973307532
26143,617.9734000000001,CSB_field_modal,469.85833,23.9678714326539
26149,16584.788505000008,MMU_1ac_nb8_w3_iter1,15350.49625500001,7.442315285647943
26151,37834.98538500001,MMU_25ac_nb4_w3_iter3,19075.00512499998,49.583685758307645
26155,9105.468230000002,MMU_5ac_nb4_w3_iter3,4445.689379999996,51.17560934041065
26159,13077.714920000002,Baseline,13077.714920000002,-20.26052751729505
27003,5760.758545000001,CSB_field_modal,4855.83329,15.708439226035996
27007,24975.93931,MMU_25ac_nb4_w3_iter3,5568.86203,77.70309272104008
27045,12593.528985,Baseline,12593.528985,-24.430105601571157
27063,45701.78457000002,MMU_35ac_nb4_w3_iter3,40624.76515,11.109017881399584
27067,17371.98615000001,MMU_35ac_nb4_w3_iter3,5644.848064999995,67.50602944154434
27071,8259.38153,CSB_field_modal,7734.97412,6.3492333910866074
27081,13302.63876500001,MMU_5ac_nb4_w3_iter3,11312.870700000003,14.9576944856625
27085,13399.668835000008,MMU_15ac_nb4_w3_iter3,8053.070639999998,39.90097263474651
27093,31046.28857500001,MMU_35ac_nb4_w3_iter3,13813.122420000003,55.50797517509707
27109,10163.027610000005,MMU_15ac_nb8_w9_iter3,7278.168204999996,28.38582670149813
27117,21096.10699000002,MMU_35ac_nb4_w3_iter3,16289.92864500001,22.782299820901702
27123,45.219270000000016,MMU_1ac_nb8_w3_iter3,33.897369999999995,25.037777036206062
27133,11698.469934999988,CSB_field_modal,8585.371680000022,26.61115746159303
27143,8650.187379999992,MMU_1ac_nb8_w3_iter3,8073.072354999973,6.671705474662442
27151,58178.53885500003,MMU_35ac_nb4_w3_iter3,47917.67834500001,17.63684807480891
27161,10625.176084999996,MMU_5ac_nb4_w3_iter3,7586.470834999998,28.599104858976077
28071,4352.811930000002,MMU_35ac_nb4_w3_iter3,1447.035015,66.75631664609963
28075,195.68583,MMU_15ac_nb4_w3_iter3,152.001555,22.32367821420692
28091,1483.53187,Baseline,1483.53187,-4.707147275508144
28095,14386.689799999996,MMU_5ac_nb4_w3_iter3,13940.787825,3.0994063345968317
28111,1812.772745,MMU_35ac_nb4_w9_iter3,1145.36535,36.81693675287468
28119,32202.149,MMU_35ac_nb4_w3_iter3,22547.314865000004,29.98195597132353
28129,4080.06235,CSB_field_modal,3989.9923749999994,2.207563690785275
28135,62532.59716999998,CSB_field_modal,52023.09905,16.80643151831524
28139,6041.300829999999,MMU_15ac_nb8_w3_iter3,4972.3061450000005,17.694776590027864
28155,2062.2952450000003,CSB_field_modal,1656.6492449999992,19.66963755473339
28161,5706.380664999999,CSB_field_modal,5070.553359999999,11.142392040191735
29005,42296.278005000015,MMU_35ac_nb4_w3_iter3,32599.188820000018,22.92657804039793
29007,65517.8641,CSB_field_modal,48359.20026999998,26.189290609063097
29009,4330.65409,CSB_field_modal,3978.8251999999993,8.124151287271255
29045,10288.051275000003,MMU_5ac_nb4_w3_iter3,6411.804460000005,37.6771723953135
29049,7745.139454999991,CSB_field_modal,4748.042940000009,38.696482257206625
29053,31507.087475000008,MMU_5ac_nb4_w3_iter3,30801.87293,2.2382727237469155
29059,2662.5711199999996,Baseline,2662.5711199999996,-4.6637385220343
29089,16890.94267,CSB_field_modal,9100.44582,46.122333147437054
29097,24448.827404999996,MMU_15ac_nb4_w3_iter3,22491.306615,8.0066039878856
29103,15700.41705,CSB_field_modal,3626.753980000004,76.90026979251483
29127,21760.877924999993,CSB_field_modal,10803.712415000004,50.352589393518194
29131,3764.914205000001,MMU_5ac_nb4_w3_iter3,3549.18095,5.730097506962992
29137,35077.350894999996,CSB_field_modal,20945.705409999995,40.287094448213765
29175,2589.1641050000044,Baseline,2589.1641050000044,-14.962824845742729
29185,9680.094655,MMU_25ac_nb8_w9_iter3,7377.549824999998,23.786387551599834
29217,31817.932275000003,MMU_5ac_nb4_w3_iter3,30743.764425000005,3.375982577107912
29221,1220.5428,CSB_field_modal,1207.1991,1.093259490777381
30023,2725.0195999999996,MMU_35ac_nb4_w9_iter3,1566.34165,42.51998591129399
30043,3956.904385,CSB_field_modal,3123.14553,21.070988173498673
30067,20513.078435,CSB_field_modal,17191.16432,16.194127690420444
30077,7422.669735,MMU_35ac_nb4_w9_iter3,1749.150890000001,76.43501661198455
30087,2810.9438649999984,Baseline,2810.9438649999984,-86.9106318848526
30101,23774.517414999988,CSB_field_modal,10153.713244999975,57.29161156981582
30111,26810.10936999999,CSB_field_modal,13944.781014999991,47.986855172609104
31009,3530.43815,MMU_35ac_nb4_w3_iter3,3247.7741050000004,8.006486248739396
31023,15362.990864999982,CSB_field_modal,13325.773405000004,13.260552439962536
31025,34547.66993,CSB_field_modal,22506.315050000005,34.85431840815319
31031,15757.498629999998,CSB_field_modal,14055.064905,10.80395921316352
31035,28427.544800000014,MMU_35ac_nb4_w3_iter3,25746.53214000001,9.43103837796082
31037,12642.958799999982,CSB_field_modal,5835.663885000009,53.84257769629039
31043,8109.523474999998,CSB_field_modal,3378.606785000003,58.337788953746085
31045,20042.996559999996,MMU_15ac_nb4_w9_iter3,2790.742879999998,86.07621933354261
31057,32986.13943,MMU_35ac_nb4_w3_iter3,26806.22717,18.734875819931624
31059,20736.473365000005,MMU_15ac_nb4_w3_iter3,19493.28531500001,5.995175882212978
31063,66751.680145,MMU_35ac_nb4_w3_iter3,53836.9801,19.347378248676737
31073,18247.34688499999,CSB_field_modal,12869.504499999995,29.471914020666674
31083,7881.50168500001,MMU_15ac_nb4_w9_iter3,5658.441265000007,28.20605144614646
31087,50802.96265999999,MMU_35ac_nb4_w3_iter3,44566.339675,12.276100956431897
31107,36700.62124500002,MMU_35ac_nb4_w3_iter3,32516.704110000013,11.400126191515104
31111,49711.92717500001,MMU_35ac_nb4_w3_iter3,45189.96964000001,9.096323140081532
31169,15852.83090000001,MMU_25ac_nb4_w3_iter3,9824.36963500002,38.0276639738836
31175,11916.189614999992,CSB_field_modal,10922.686445000008,8.337423304756502
31179,5362.1853700000065,Baseline,5362.1853700000065,-0.26164817200245744
32007,4382.58558,CSB_field_modal,3736.972895,14.731319519378337
32013,21384.181075000004,MMU_35ac_nb4_w3_iter3,9530.972364999998,55.429799572065235
32023,10496.552175,Baseline,10496.552175,-0.875040998879245
32029,20.46034,MMU_15ac_nb4_w9_iter3,0,100
33013,1716.93119,MMU_2ac_nb8_w3_iter3,873.3869550000001,49.13092847943428
34017,4.225505,MMU_15ac_nb4_w3_iter3,0,100
35005,14672.813815,MMU_35ac_nb4_w3_iter3,8027.393819999999,45.290699376328185
35027,168.31106,Baseline,168.31106,-44.925330516010064
35039,10767.02251,MMU_35ac_nb4_w3_iter3,1072.3796700000012,90.04014648428554
35053,12856.26296,Baseline,12856.26296,-1.6675824123000054
36005,31.357695,MMU_15ac_nb4_w9_iter3,1.33437,95.74468085106383
36021,9577.357955,MMU_15ac_nb4_w3_iter3,6256.879119999999,34.670092217514934
36035,5028.293519999999,MMU_15ac_nb4_w3_iter3,3201.98578,36.320627122022096
36039,2130.575305,MMU_35ac_nb8_w3_iter3,2128.7961450000003,0.08350608381804808
36055,25783.109970000005,MMU_35ac_nb4_w9_iter3,12246.120615000007,52.50332241048885
36063,25345.04902000001,MMU_25ac_nb8_w9_iter3,3293.082585,87.00699855659623
36067,27032.104220000005,MMU_25ac_nb4_w3_iter3,5974.510629999995,77.89846257850809
36079,378.27833,MMU_5ac_nb4_w3_iter3,174.84447,53.77888286648618
36099,16538.916940000003,MMU_5ac_nb8_w3_iter3,11906.602510000002,28.008571823688
36117,17050.101860000002,MMU_1ac_nb8_w3_iter3,12546.119765000003,26.41615945747786
37003,738.3430449999996,CSB_field_modal,693.6416499999998,6.054285376250797
37033,2885.4162450000003,MMU_1ac_nb8_w3_iter3,2407.454345,16.564746969461954
37061,47904.823005000006,MMU_25ac_nb4_w3_iter3,46680.538530000005,2.5556601573754234
37067,2102.42851,Baseline,2102.42851,-19.334404621444143
37077,6402.921080000001,MMU_1ac_nb8_w3_iter3,5330.796235,16.744308286867103
37081,6031.942935,CSB_field_modal,6014.384010000001,0.29109899064387224
37135,1574.0209150000003,Baseline,1574.0209150000003,-14.427956949987529
37145,17050.869655,CSB_field_modal,15260.975775,10.49737588883116
37179,75257.44137,CSB_field_modal,60989.022959999995,18.95947849176793
38003,95740.75244499996,CSB_field_modal,67657.15663499993,29.33295915564603
38007,42932.15061499999,CSB_field_modal,41160.996835,4.125471830850175
38023,103939.40882,MMU_25ac_nb4_w3_iter3,89739.11452000002,13.662088769998428
38027,57859.60781999998,CSB_field_modal,47435.73177499999,18.015808329410813
38033,49145.52266999999,CSB_field_modal,45103.715939999995,8.224160636442361
38061,35812.71691999999,MMU_35ac_nb4_w3_iter3,34844.853880000024,2.7025680351536203
38081,14229.540024999986,CSB_field_modal,12400.609880000033,12.85305176264793
38089,51907.91713500001,Baseline,51907.91713500001,-5.120731454292399
38091,3468.6171149999864,Baseline,3468.6171149999864,-32.464451903046694
38101,18940.131794999987,Baseline,18940.131794999987,-14.766737371586736
38103,45494.91650999998,CSB_field_modal,44119.62582999998,3.0229546188917684
39003,8998.469675000006,MMU_35ac_nb8_w3_iter3,2168.503410000009,75.90142003784652
39007,23709.83963,CSB_field_modal,17574.183975,25.878098505721525
39019,20751.878655,CSB_field_modal,20183.881825,2.7370863112826886
39031,20729.52354,CSB_field_modal,17295.967135,16.56360503595059
39037,9763.490285000007,MMU_5ac_nb8_w9_iter3,8375.967879999998,14.211335951567545
39041,8130.664170000002,MMU_25ac_nb8_w9_iter3,3735.807500000001,54.052861834041295
39045,14752.511724999998,CSB_field_modal,3258.2485449999895,77.91394031242507
39075,55258.442545,CSB_field_modal,53355.630925,3.4434767473774484
39083,14128.970780000003,MMU_15ac_nb8_w3_iter3,9722.828114999991,31.185163686777823
39087,937.80244,Baseline,937.80244,-4.632640431176532
39107,14264.014049999983,CSB_field_modal,5047.527999999993,64.61355140070127
39109,16409.797935,MMU_5ac_nb4_w3_iter3,13011.824730000004,20.706977736468968
39119,22876.20642,CSB_field_modal,20272.85055,11.380190501008771
39125,18611.531560000018,MMU_35ac_nb4_w3_iter3,9674.268335000012,48.020031001682895
39127,18540.015724999997,CSB_field_modal,15082.885449999998,18.646857296557116
39131,12403.26545,CSB_field_modal,10310.306105,16.874260681085392
39133,11151.003705,CSB_field_modal,8014.344624999996,28.128939447787623
39137,22946.754914999972,CSB_field_modal,13387.995420000005,41.65625828317686
39139,5838.095464999996,Baseline,5838.095464999996,-4.1155172340094035
39141,8525.7969200000025,MMU_5ac_nb8_w9_iter3,5342.212495000006,37.340608213783206
39149,11418.068670000008,Baseline,11418.068670000008,-0.8729944431135257
39151,31079.87722,CSB_field_modal,25430.377035,18.177356831270014
39155,10989.750095,CSB_field_modal,7220.881430000001,34.29439825674214
40045,21770.409824999995,MMU_35ac_nb4_w3_iter3,10243.454580000003,52.94781006723651
40049,25064.277245,MMU_35ac_nb4_w3_iter3,16857.901745000003,32.74132112322155
40069,7922.234310000001,MMU_35ac_nb4_w3_iter3,5831.276519999999,26.39353632043737
40099,7230.120704999999,MMU_35ac_nb4_w3_iter3,4387.69021,39.313735011841686
40109,5032.63249,MMU_35ac_nb4_w9_iter3,741.4879599999997,85.26639961345559
40123,8281.861275,MMU_35ac_nb4_w9_iter3,5966.284535,27.959617567972373
40127,199.381005,MMU_35ac_nb4_w3_iter3,39.471225,80.20311664092574
40151,56562.090705000024,MMU_35ac_nb4_w3_iter3,46991.35056500001,16.92076799267601
41013,7030.66483,MMU_25ac_nb8_w9_iter3,2328.5206149999995,66.8805060217897
41025,14234.381600000004,MMU_35ac_nb4_w3_iter3,4200.8138899999985,70.48825858370975
41057,462.52886500000005,Baseline,462.52886500000005,-9.231821672361985
41069,2048.44023,CSB_field_modal,1876.5288949999997,8.39230417770111
42007,17058.498835000002,MMU_35ac_nb4_w3_iter3,5142.129945,69.85590587578805
42013,8102.162310000001,CSB_field_modal,3776.902620000002,53.38401681562953
42037,17634.794105,MMU_15ac_nb4_w3_iter3,15469.991954999998,12.275743834095673
42047,624.4147500000004,CSB_field_modal,577.0446150000002,7.586325435137478
42119,4915.756175,Baseline,4915.756175,-17.36359533739484
42123,6021.27429,MMU_15ac_nb4_w9_iter3,2177.3333849999995,63.83932569529232
45023,1102.26311,CSB_field_modal,906.1107199999996,17.79542363528796
45033,17596.782355,Baseline,17596.782355,-6.632627127245072
45039,502.54893,MMU_25ac_nb8_w3_iter3,41.16175,91.8094045091291
46097,23018.739145000007,MMU_35ac_nb4_w3_iter3,18056.439510000004,21.557651805954297
46101,56099.97258500001,MMU_35ac_nb4_w3_iter3,49406.99162500002,11.930453174213415
46105,92781.526535,Baseline,92781.526535,-0.8708210191984851
46107,24575.669970000024,MMU_35ac_nb4_w3_iter3,22524.298490000016,8.347164014263528
46121,48178.300365,Baseline,48178.300365,-1.278654799635742
46135,29765.441539999993,CSB_field_modal,19423.18445999999,34.745854739301166
47007,3069.9320449999996,CSB_field_modal,2518.3924449999995,17.965856960850093
47011,1648.46067,CSB_field_modal,1519.2491749999997,7.838312272260655
47075,18644.245660000004,Baseline,18644.245660000004,-5.173323354504612
47109,4518.685884999999,CSB_field_modal,1573.626764999999,65.17512380704021
47113,21909.79689,CSB_field_modal,16111.904270000005,26.46255759060118
47133,1305.87098,Baseline,1305.87098,-6.744036841985706
47173,104.065325,Baseline,104.065325,-22.01183247157495
47177,5931.847914999999,CSB_field_modal,4241.720995,28.49241828547452
48099,25498.192115,MMU_35ac_nb4_w3_iter3,12197.41435,52.16361107098044
48109,2481.691735,MMU_35ac_nb8_w9_iter3,2080.158835,16.179805667926765
48113,10829.038225000002,MMU_35ac_nb4_w9_iter3,5736.915980000001,47.02284855957279
48123,5634.686334999999,MMU_25ac_nb8_w9_iter3,2357.473615000001,58.161404648977665
48129,21724.617395000005,MMU_35ac_nb4_w3_iter3,12165.190715000004,44.002738949041905
48137,278.43854000000005,MMU_15ac_nb4_w9_iter3,131.65784000000002,52.71565495207667
48249,21543.62729500001,MMU_35ac_nb4_w3_iter3,15592.781884999997,27.622300221379735
48253,160847.44609500002,MMU_35ac_nb4_w3_iter3,137107.44703,14.75932608278942
48283,5241.772165,CSB_field_modal,4865.479824999999,7.17872368647676
48297,22648.95663,MMU_35ac_nb4_w9_iter3,15377.752105,32.10392709820823
48303,169179.05472999997,MMU_25ac_nb4_w3_iter3,165957.21836499998,1.904394353155512
48307,38265.702055,MMU_35ac_nb4_w3_iter3,18013.746170000002,52.924563767029504
48321,20188.1633,MMU_25ac_nb4_w9_iter3,8295.861345,58.907300175246746
48337,27474.603255,MMU_35ac_nb4_w3_iter3,14282.576645000005,48.0153488935249
48341,45616.29692,MMU_15ac_nb4_w3_iter3,40970.02058,10.185562296186491
48355,124740.8736,MMU_35ac_nb4_w3_iter3,117632.68461,5.698363964319694
48365,974.21927,MMU_15ac_nb4_w3_iter3,870.13841,10.683514810787926
48399,89051.81153000002,MMU_35ac_nb4_w3_iter3,64657.30398000002,27.393611798432534
48413,9579.869215,MMU_35ac_nb4_w9_iter3,8312.44011,13.230129520092824
48433,55052.350585,MMU_35ac_nb4_w9_iter3,40233.282155,26.91813932108055
53013,27062.819085000006,MMU_35ac_nb4_w3_iter3,23339.92678500001,13.756483714083828
53051,1428.351535,Baseline,1428.351535,-4.063782169702369
53057,20636.309615,Baseline,20636.309615,-6.035051921758058
54013,143.5832,MMU_1ac_nb8_w3_iter1,121.566095,15.334039776241225
54027,2209.836845,Baseline,2209.836845,-0.4830655269484321
54037,3917.1932750000024,MMU_2ac_nb8_w3_iter3,3026.056510000002,22.74936931724412
54051,930.72478,Baseline,930.72478,-29.60568053211177
54085,279.68584500000003,MMU_2ac_nb8_w3_iter3,260.78227,6.758860106059354
54105,156.50699,MMU_2ac_nb8_w3_iter3,117.587865,24.867339791021475
55009,27706.93529500001,MMU_35ac_nb8_w9_iter3,17571.907345,36.57939011330848
55015,20425.13094,MMU_35ac_nb8_w3_iter3,10692.164250000002,47.651918210909635
55033,24410.34562499999,CSB_field_modal,14845.423819999996,39.18388519335027
55119,26427.315495,MMU_25ac_nb4_w3_iter3,9681.960445,63.363814055075665
55129,2574.612435,MMU_1ac_nb8_w3_iter1,2392.4709299999995,7.074521295862556
55133,17898.167605,MMU_5ac_nb4_w3_iter3,13308.601990000005,25.642656367335952
56001,5057.29705,Baseline,5057.29705,-0.16710527217301788
56015,44692.261665,MMU_25ac_nb4_w3_iter3,20698.28751000001,53.68708868405841
56021,27675.461325000004,MMU_35ac_nb4_w3_iter3,8946.244005000004,67.6744539144552
56031,12158.730020000005,MMU_35ac_nb8_w9_iter3,8856.831985,27.156602947583185
56041,3277.5459699999997,Baseline,3277.5459699999997,-0.04071247244779886
56043,8029.87068,MMU_1ac_nb8_w3_iter3,8008.965550000001,0.26034205073896893
56045,28826.522435000006,MMU_35ac_nb4_w3_iter3,9828.207165000003,65.9056787471978
01029,98.82884500000004,Baseline,98.82884500000004,-3.846063363383408
01045,4069.995589999998,CSB_field_modal,3557.71272,12.586816340997537
01061,14673.882370000005,MMU_35ac_nb8_w3_iter3,12825.894290000002,12.593722870357194
01075,3398.374365,MMU_35ac_nb8_w9_iter3,2021.06673,40.52842586105136
01079,18706.322795000004,MMU_15ac_nb4_w3_iter3,18463.467455,1.2982526959543153
01083,34608.673065,CSB_field_modal,33252.576725,3.918371378911476
01103,4643.995565,CSB_field_modal,3055.205684999999,34.21170106134675
01105,7213.217145,MMU_35ac_nb4_w3_iter3,6204.65582,13.982128982476375
01123,526.2427,CSB_field_modal,461.080965,12.382449200720512
04017,1032.111975,MMU_5ac_nb8_w9_iter3,1023.88336,0.7972599097108578
05035,36906.336790000016,Baseline,36906.336790000016,-0.03977113763282086
05055,18700.424314999993,CSB_field_modal,13725.892955000005,26.601168381028753
05065,41.584755,MMU_15ac_nb4_w3_iter3,8.670295,79.15030399962679
05079,10291.279854999992,Baseline,10291.279854999992,-3.822816603406947
05089,16.66563,Baseline,16.66563,NA
05105,3536.3137500000003,MMU_35ac_nb4_w3_iter3,2815.976345,20.36972553693801
05115,5172.475259999999,MMU_5ac_nb4_w3_iter3,4965.425515,4.002914167635842
05125,319.27525,MMU_25ac_nb4_w3_iter3,132.685845,58.4415500418526
05143,1648.567665,CSB_field_modal,1642.563,0.3642352769305324
06075,11.56454,MMU_2ac_nb8_w3_iter3,2.2239500000000003,80.76923076923076
08007,547.0944800000004,MMU_2ac_nb8_w3_iter3,34.9132349999999,93.61842674778951
08009,48463.644670000016,MMU_35ac_nb4_w3_iter3,23977.78819000001,50.524174660675584
08021,21591.65608,MMU_35ac_nb4_w3_iter3,10381.613710000003,51.918399998894365
08025,2932.277505,MMU_25ac_nb4_w3_iter3,413.37309500000015,85.90266118076707
08041,5166.161615,MMU_35ac_nb4_w9_iter3,5154.152285,0.2324613687100043
08045,28587.830205,MMU_35ac_nb4_w3_iter3,17505.887355,38.76454690871143
08079,211.72004,MMU_25ac_nb4_w3_iter3,99.855355,52.836134453781504
08089,13106.183815,MMU_25ac_nb4_w3_iter3,6332.2634300000045,51.68491820820686
08123,83157.0656,MMU_25ac_nb4_w3_iter3,31343.30477000003,62.30830832732024
09005,4352.019245,Baseline,4352.019245,-2.815696303291509
12021,25862.16417,MMU_35ac_nb4_w3_iter3,13987.827935000005,45.913931088466974
12059,2806.99198,MMU_15ac_nb4_w3_iter3,2346.6312849999995,16.400499120770565
12063,20068.32529500001,MMU_35ac_nb8_w3_iter3,7545.10785,62.402902389269855
12099,69323.10313500004,Baseline,69323.10313500004,-0.13409831036982675
13017,10760.964070000002,Baseline,10760.964070000002,-7.493792050176402
13037,22166.711935,MMU_5ac_nb4_w3_iter3,20058.18494,9.512132431651958
13053,230.62361500000003,MMU_5ac_nb4_w3_iter3,20.90513,90.93539054966249
13055,1308.37604,MMU_35ac_nb8_w9_iter3,748.85226,42.7647528611117
13059,309.353,MMU_25ac_nb4_w3_iter3,124.539645,59.7418984137862
13067,89.68895499999999,MMU_1ac_nb8_w3_iter1,63.888025,28.76712076754602
13069,4981.306750000002,Baseline,4981.306750000002,-41.60999320108124
13087,34049.936885,CSB_field_modal,29692.657095,12.796733822785765
13097,558.390365,CSB_field_modal,555.721625,0.4779344643598952
13099,21329.332725,CSB_field_modal,18668.598945,12.474528923642156
13167,5907.02259,MMU_35ac_nb4_w9_iter3,3337.693155,43.496184344201055
13199,1138.01072,MMU_2ac_nb8_w3_iter3,712.53658,37.38753357261872
13227,250.90671499999996,Baseline,250.90671499999996,-52.2955513566068
13231,537.26903,CSB_field_modal,532.153945,0.9520528291012804
13247,158.573855,MMU_2ac_nb8_w3_iter3,55.734064999999994,64.85292925495189
13255,436.892705,Baseline,436.892705,-10.129856711615272
13259,4268.585609999999,CSB_field_modal,3756.63232,11.993511124636887
13275,20133.25274,MMU_5ac_nb8_w9_iter3,11240.343874999997,44.170253956688775
13281,96.038875,MMU_15ac_nb4_w9_iter3,49.33437,48.63083308712228
13285,498.8522,MMU_15ac_nb4_w9_iter3,86.2706,82.70618030751393
13295,6833.155919999999,CSB_field_modal,6543.820024999999,4.234293763927459
13299,4785.4344550000005,MMU_25ac_nb4_w3_iter3,2486.864135,48.03263615069199
16051,53430.51724500001,MMU_35ac_nb4_w3_iter3,42445.76101000002,20.55895544606194
16055,4476.982795,MMU_1ac_nb8_w3_iter3,3974.390615,11.226136061128187
16063,15140.742055000002,MMU_35ac_nb4_w3_iter3,4397.062000000002,70.95874175765421
16075,11011.944495000003,MMU_15ac_nb4_w3_iter3,4522.918179999997,58.92716148311828
17001,13869.238380000004,Baseline,13869.238380000004,-2.5271360286476416
17005,38402.56499,CSB_field_modal,29581.489709999987,22.970015889035036
17009,3462.9120149999944,Baseline,3462.9120149999944,-17.42341799001791
17015,16124.345345,CSB_field_modal,8049.627685,50.077801530738675
17019,45675.25144499997,CSB_field_modal,30357.128634999943,33.537030066370626
17021,23643.333560000017,MMU_35ac_nb4_w3_iter3,16959.708955000002,28.268537463377942
17045,11166.926230000005,CSB_field_modal,8683.029960000033,22.243330159439676
17053,15169.072444999976,CSB_field_modal,6918.250725000016,54.392394458631465
17069,1638.118315,Baseline,1638.118315,-1.6834547143195888
17073,9859.605079999988,MMU_5ac_nb8_w9_iter3,8976.919324999972,8.952546758597126
17077,51006.80726,CSB_field_modal,42153.26231,17.357575244555715
17079,13353.38373000001,MMU_15ac_nb4_w3_iter3,8174.968615000011,38.779797088928525
17089,10608.518425000004,MMU_5ac_nb4_w3_iter3,10456.177850000007,1.4360212133014796
17093,21505.889129999996,MMU_35ac_nb4_w3_iter3,18353.2174,14.659573993628229
17113,24176.938415000008,CSB_field_modal,19907.84399500001,17.657713093033074
17117,37056.655279999984,CSB_field_modal,33824.14395500001,8.723159984556428
17123,6592.150925000006,MMU_25ac_nb4_w3_iter3,2931.9740150000016,55.52325715297547
17127,18108.610295,CSB_field_modal,12063.914194999996,33.380231842909645
17145,25086.579155000007,Baseline,25086.579155000007,-1.18083114548904
17157,88699.81808499999,CSB_field_modal,70260.82623999998,20.7880830458188
17167,79386.20107999998,CSB_field_modal,66793.52899499999,15.862545270695035
17179,18835.661999999986,CSB_field_modal,9436.582114999988,49.90044886662333
17181,11736.080214999998,CSB_field_modal,7835.494309999999,33.235849053030684
17201,17336.08296,MMU_5ac_nb4_w3_iter3,16005.938465,7.672693411014921
18011,7269.364399999993,CSB_field_modal,4066.6257650000102,44.05802844331184
18019,6784.526664999998,CSB_field_modal,6104.883790000001,10.01754298507127
18021,13549.319994999998,CSB_field_modal,6714.009669999992,50.447626357059896
18029,1953.947084999999,Baseline,1953.947084999999,-9.833903971867326
18031,5254.207759999989,Baseline,5254.207759999989,-12.14785709197023
18035,2482.8960999999977,Baseline,2482.8960999999977,-11.832303212365852
18039,18016.077444999995,CSB_field_modal,14653.465044999992,18.664509021264404
18045,17250.389134999998,CSB_field_modal,10910.130079999988,36.7542958328749
18049,10706.234700000005,Baseline,10706.234700000005,-1.0843232308366149
18055,15206.599769999992,CSB_field_modal,9815.74496999999,35.45075744437776
18059,21293.91293499999,CSB_field_modal,15597.042614999998,26.75351560509231
18063,55591.80330999999,CSB_field_modal,48529.65008499999,12.703587227812855
18075,36436.710785,MMU_35ac_nb4_w3_iter3,31811.56197000001,12.693650758684948
18079,3776.8780049999978,Baseline,3776.8780049999978,-44.98683298085509
18127,18198.483730000014,MMU_35ac_nb4_w3_iter3,11855.77833,34.85293332182465
18133,13457.901809999996,CSB_field_modal,8970.887700000005,33.34111196045346
18137,18821.939939999997,CSB_field_modal,11074.142929999993,41.16364750232013
18143,4788.277864999999,Baseline,4788.277864999999,-12.354560797820406
18165,10289.744634999995,CSB_field_modal,7265.438354999998,29.39146098643679
18171,13362.070205000004,MMU_35ac_nb4_w3_iter3,9350.720119999996,30.02042365784746
19005,53905.013085,CSB_field_modal,41872.77639999999,22.321183126376393
19021,24091.704814999983,CSB_field_modal,13215.254944999975,45.14603658612033
19025,9999.50493999998,CSB_field_modal,6869.305085000019,31.30354826346001
19027,12651.881994999976,CSB_field_modal,3444.3986200000054,72.77560270194401
19035,3218.9780699999847,Baseline,3218.9780699999847,-15.40677939443114
19041,11106.73344,MMU_1ac_nb8_w3_iter3,11002.43018499999,0.9390992911054244
19049,9995.72074999998,CSB_field_modal,5970.645645000006,40.267982726508066
19051,12440.444895,MMU_35ac_nb8_w3_iter3,11303.019284999998,9.142965702594376
19055,47087.419784999984,CSB_field_modal,30319.94875999998,35.609237247570306
19061,28758.343214999997,CSB_field_modal,14144.100579999991,50.8174011477038
19065,15659.404979999988,CSB_field_modal,14194.513680000002,9.354706017699442
19075,19736.291594999995,CSB_field_modal,8720.177664999988,55.81653410912734
19079,11393.705944999998,Baseline,11393.705944999998,-6.230499921858417
19085,34418.511035,CSB_field_modal,14185.236329999982,58.78602559077848
19119,27121.67027499999,CSB_field_modal,17449.109260000005,35.663588993322016
19129,13956.885975000008,MMU_35ac_nb4_w3_iter3,3091.278969999998,77.8512271610072
19133,12147.003115000029,MMU_25ac_nb8_w3_iter3,3843.2762549999857,68.36029250495524
19167,29295.688849999977,CSB_field_modal,14402.562884999968,50.83726155495409
20043,24260.954005000007,MMU_35ac_nb4_w3_iter3,10931.962700000013,54.94009552243076
20053,17475.67787,MMU_35ac_nb4_w3_iter3,16792.395805,3.909903066896032
20057,16491.681260000016,MMU_15ac_nb4_w3_iter3,13009.197955000029,21.116605700151556
20065,20979.32034500001,MMU_35ac_nb4_w3_iter3,9512.919160000016,54.65573238998075
20071,11958.04535500002,MMU_35ac_nb4_w3_iter3,9037.999004999996,24.419094118747967
20115,71706.58073500001,CSB_field_modal,67548.46141999999,5.79879736612575
20119,48703.45867000001,CSB_field_modal,43030.16221999999,11.648652077135967
20121,43898.56918,CSB_field_modal,33029.235949999995,24.76010820633312
20125,59495.862304999995,CSB_field_modal,48077.658215,19.191593579173023
20131,13111.28055999999,MMU_5ac_nb4_w3_iter3,11796.481320000008,10.028000194055666
20135,7474.146675,MMU_25ac_nb8_w3_iter3,1616.4847700000169,78.37231673005645
20145,7047.733435000002,Baseline,7047.733435000002,-7.56146078615133
20153,53280.44270500001,MMU_35ac_nb4_w3_iter3,48109.314165,9.70549094089028
20197,8354.638115000002,MMU_15ac_nb4_w3_iter3,6438.461759999998,22.93548001270911
20209,1683.764505,MMU_35ac_nb4_w3_iter3,380.5298050000002,77.40005779489928
21021,3732.255245,CSB_field_modal,3425.57254,8.217088191137364
21037,1691.662505,MMU_1ac_nb8_w3_iter3,1685.435445,0.3681029745350972
21061,2465.184760000001,Baseline,2465.184760000001,-5.1873241744363146
21075,5685.329385000002,MMU_25ac_nb4_w3_iter3,5498.072795000004,3.2936805824135806
21077,2427.1991,CSB_field_modal,2374.491485,2.171540645347142
21103,12951.893665,CSB_field_modal,11956.453645,7.685671653481728
21105,41306.94875999999,CSB_field_modal,34600.182745,16.23641110353463
21163,14190.66238,CSB_field_modal,9463.43426,33.31224430131217
21173,4288.73269,Baseline,4288.73269,-1.5401126573827142
21191,3396.87732,Baseline,3396.87732,-0.72672171157479
21207,4660.179635,CSB_field_modal,3459.0242399999997,25.774873268377775
21211,32057.619575,CSB_field_modal,26003.80528,18.88416662015991
21213,18287.629105,Baseline,18287.629105,-0.3575320213713383
21221,22861.40765,CSB_field_modal,18406.611505,19.48609732699464
22095,3858.793690000001,MMU_35ac_nb4_w3_iter3,2481.7238500000003,35.68653705350079
22121,5213.278695000001,MMU_35ac_nb8_w9_iter3,3205.5858199999984,38.51113651233645
25003,4477.36336,MMU_15ac_nb8_w3_iter3,1921.8245399999996,57.07686900801368
25019,457.02639,MMU_25ac_nb4_w3_iter3,150.12129000000002,67.15259921861406
26005,33209.85576999999,CSB_field_modal,19307.94432,41.860800439122144
26009,2806.1048149999992,Baseline,2806.1048149999992,-8.494747371010142
26011,14788.473560000002,MMU_35ac_nb4_w3_iter3,5314.668955000001,64.06208569507021
26021,26437.752050000003,MMU_2ac_nb8_w3_iter3,18867.249385000006,28.63519807085866
26031,2920.493475,Baseline,2920.493475,-30.604605442578524
26043,2050.13225,Baseline,2050.13225,-8.049094881561903
26049,7446.135369999996,MMU_2ac_nb8_w3_iter3,1774.1320249999972,76.17378765167416
26073,29697.274065000005,MMU_35ac_nb4_w9_iter3,10716.083209999995,63.9155998407627
26075,10636.926794999996,MMU_5ac_nb8_w3_iter3,4007.4743800000015,62.32488521135861
27009,35353.820865,MMU_25ac_nb4_w3_iter3,20529.19256,41.93218142279004
27017,9442.348815,CSB_field_modal,9390.08599,0.5534939030951267
27029,39144.27854,MMU_35ac_nb4_w3_iter3,11869.542445000005,69.67745252254174
27033,8071.303370000014,MMU_35ac_nb4_w3_iter3,5249.488725000002,34.961077729878546
27037,24856.025819999988,CSB_field_modal,18425.696789999995,25.870302342645378
27047,20143.509365000013,MMU_2ac_nb8_w3_iter3,19196.77385000002,4.699953209965366
27057,19759.840715,MMU_25ac_nb4_w3_iter3,15036.170915,23.905404239489588
27101,6045.691700000006,MMU_5ac_nb4_w3_iter3,4763.362130000011,21.210634508537595
27105,40820.238700000016,MMU_35ac_nb4_w3_iter3,37064.85882000003,9.199798922292892
27111,96404.52967,CSB_field_modal,77038.59546499999,20.08819945628183
27125,42362.18654000001,MMU_35ac_nb4_w3_iter3,31136.354125000005,26.49965294968932
27149,18357.26490000001,MMU_35ac_nb8_w9_iter3,16556.25332500001,9.810892770850607
27155,8991.859705000004,CSB_field_modal,6502.592470000001,27.683563986388975
27159,4607.910125000005,Baseline,4607.910125000005,-24.77760696341695
28005,4320.9519,CSB_field_modal,4203.749735,2.7124154055035956
28009,1872.1014849999983,CSB_field_modal,1110.0942050000003,40.70331048319204
28013,8859.031984999996,CSB_field_modal,7625.125439999998,13.928232193869864
28017,17417.4677,MMU_35ac_nb4_w3_iter3,14777.19426,15.158767540013862
28019,2097.245495,MMU_35ac_nb4_w9_iter3,1442.486625,31.219944043794456
28023,137.374785,MMU_2ac_nb8_w3_iter3,71.25505000000001,48.130910632544385
28031,1999.1427900000003,MMU_15ac_nb8_w3_iter3,1561.31761,21.900645726261512
28061,153.351475,MMU_2ac_nb8_w3_iter3,142.00933,7.396176006784417
28067,257.23019999999997,CSB_field_modal,219.86784,14.524873051453511
29121,10543.87918,Baseline,10543.87918,-10.685375380031529
29125,5333.504375,CSB_field_modal,5025.042509999999,5.7834744909157445
29139,48947.342035,CSB_field_modal,38430.50488,21.486022974403586
29149,1157.48368,Baseline,1157.48368,-1.2873153425368264
29159,40126.11321999999,CSB_field_modal,25180.676845,37.246160107903904
29167,6910.044425,CSB_field_modal,6293.565484999999,8.921490255107878
29169,825.8691850000002,MMU_25ac_nb4_w3_iter3,371.760485,54.98554834686078
29179,520.77913,MMU_15ac_nb4_w9_iter3,285.707615,45.1384284543046
29187,2493.763955,CSB_field_modal,2197.089025,11.896672473959152
29199,7887.664915000001,Baseline,7887.664915000001,-0.7330775409847202
29209,6991.729475,Baseline,6991.729475,-3.8106338489304896
29213,740.68888,MMU_35ac_nb4_w9_iter3,190.48365,74.28290674486702
29223,1107.0959450000005,MMU_15ac_nb8_w3_iter3,286.06680500000016,74.16061306231231
29225,7346.78731,CSB_field_modal,7320.5447,0.35719844460830225
29229,2512.3484550000003,CSB_field_modal,2453.85857,2.3280960443044982
30011,28599.1486,MMU_35ac_nb4_w9_iter3,13598.605850000004,52.4510116010936
30017,3426.6267400000006,Baseline,3426.6267400000006,-20.05648870293933
30025,23218.403995,MMU_25ac_nb8_w3_iter3,8783.001624999997,62.1722422140153
30037,15137.734825000003,MMU_35ac_nb4_w9_iter3,4826.62953,68.11524586869622
30041,21047.936769999993,CSB_field_modal,18313.87415999999,12.989694143783792
30079,9551.905805,MMU_15ac_nb4_w9_iter3,6713.923209999997,29.711166053526668
30103,4901.523409999998,CSB_field_modal,3573.8252599999996,27.087459121204084
31071,8107.530904999998,CSB_field_modal,6532.3071199999995,19.42914314428999
31157,21668.81736500001,Baseline,21668.81736500001,-3.545992898722284
36001,4742.48307,Baseline,4742.48307,-5.421634641702581
38039,18620.915029999993,Baseline,18620.915029999993,-23.26433581819527
38045,44494.46089499998,Baseline,44494.46089499998,-12.045313050645984
38049,41043.142805,Baseline,41043.142805,-4.2297330354256255
39009,2060.0454849999996,CSB_field_modal,1665.9615449999997,19.129865960216897
39011,7371.241319999997,MMU_5ac_nb4_w3_iter3,6204.436759999997,15.82914612813138
39017,47578.42733,CSB_field_modal,41576.87586,12.61401817334932
39047,29707.201200000018,MMU_35ac_nb4_w3_iter3,24385.730800000012,17.913065469122685
39049,5093.91039,MMU_1ac_nb8_w3_iter3,4786.924415000001,6.026528766635786
39053,2822.0689599999996,CSB_field_modal,2641.2923549999996,6.405818127137459
39085,1103.5799700000002,MMU_1ac_nb8_w3_iter3,943.998445,14.460349891997415
39089,14394.780964999996,CSB_field_modal,6950.415875000005,51.71572327568232
39099,8387.054869999998,CSB_field_modal,7379.998835,12.00726656269029
40005,3328.5707,MMU_25ac_nb4_w3_iter3,2854.646955,14.238055541376957
40009,39503.90785000001,MMU_35ac_nb4_w3_iter3,25915.57335000001,34.39744379618383
40017,64604.28424500002,MMU_35ac_nb4_w3_iter3,43300.81218000001,32.97532402682531
40019,22131.124365,MMU_35ac_nb4_w3_iter3,15858.695785,28.342114374991908
40029,1192.867615,MMU_25ac_nb4_w3_iter3,493.402685,58.63726378387764
40033,71380.38114499999,MMU_35ac_nb4_w3_iter3,61711.980915000015,13.544898577047208
40039,56304.742699999995,MMU_35ac_nb4_w3_iter3,45149.85429,19.811631978206325
40063,5215.790805000001,MMU_35ac_nb4_w3_iter3,1706.1753100000003,67.28827183090982
40073,112446.79849000004,MMU_35ac_nb4_w3_iter3,100357.85108,10.750815116426043
40139,65106.16683000004,MMU_35ac_nb4_w3_iter3,42898.46931500001,34.109975439019436
41029,5912.685995,CSB_field_modal,5900.89906,0.19934992336761295
41053,4199.439395000001,MMU_2ac_nb8_w3_iter3,598.9551249999986,85.73725993728745
42081,15811.168935000003,MMU_15ac_nb4_w3_iter3,11403.308214999995,27.87814574697671
42109,11751.733715,MMU_5ac_nb4_w3_iter3,11257.127235000002,4.208795842341791
45081,3978.236735,Baseline,3978.236735,-5.623832489194486
46007,32714.66486000001,MMU_35ac_nb4_w3_iter3,31508.616775,3.6865671409479552
46021,24464.79183000001,MMU_25ac_nb4_w3_iter3,21441.435325000013,12.357989906509632
46047,8987.902750000001,MMU_35ac_nb4_w3_iter3,6162.374275000001,31.437016549828595
46051,11928.362974999996,MMU_5ac_nb4_w3_iter3,11810.493624999992,0.9881435553817284
47027,2789.84915,Baseline,2789.84915,-0.5022094115733841
47061,1248.4162600000002,MMU_15ac_nb4_w3_iter3,329.31565,73.62132643161826
47181,1557.481095,CSB_field_modal,1042.724795,33.05056489305253
48017,111925.09004,MMU_35ac_nb4_w3_iter3,96399.2503,13.871634800071496
48021,9596.31484,MMU_35ac_nb4_w9_iter3,4960.491065,48.308375165815214
48031,1868.57837,MMU_35ac_nb4_w3_iter3,533.31879,71.45858056785707
48045,61983.604815000006,MMU_35ac_nb4_w3_iter3,52412.16880500001,15.441883444126049
48065,59266.98195000001,MMU_35ac_nb4_w3_iter3,45738.026915,22.82713677982385
48069,107884.97911500002,MMU_35ac_nb4_w3_iter3,83178.00659,22.901216395160635
48079,130466.43062,MMU_5ac_nb4_w3_iter3,128875.63918500001,1.2193109196291056
48085,31735.30938,MMU_35ac_nb4_w3_iter3,12747.891465000002,59.83057447981304
48147,57792.223345,MMU_35ac_nb4_w3_iter3,32289.557250000005,44.12819687305974
48149,4541.165110000001,MMU_5ac_nb4_w3_iter3,2793.585200000002,38.48307356523312
48151,103268.79022,MMU_35ac_nb4_w3_iter3,85852.815375,16.8647030800861
48153,181343.45209,MMU_35ac_nb4_w3_iter3,167914.7972,7.40509499253131
48183,181.922235,MMU_15ac_nb4_w9_iter3,141.66874,22.126759271619537
48189,223296.547515,Baseline,223296.547515,-0.8069288621128293
48243,3.11353,MMU_15ac_nb4_w3_iter3,0,100
48439,4915.949310000001,MMU_35ac_nb4_w9_iter3,951.0067149999996,80.65466799941434
48491,26648.167555,MMU_35ac_nb4_w3_iter3,7224.633045000002,72.88881860229658
48497,15754.112760000002,MMU_35ac_nb4_w9_iter3,2880.6977499999994,81.71463037059029
48505,2212.607855,MMU_35ac_nb4_w3_iter3,1682.1957800000002,23.97225851844406
50015,2104.54244,MMU_35ac_nb8_w3_iter3,376.53329,82.10854374597453
50023,1372.58039,CSB_field_modal,1179.7399700000003,14.049480919656698
50025,2024.248515,MMU_5ac_nb4_w3_iter3,716.0329100000001,64.62722315495931
51013,8.673405,MMU_15ac_nb4_w9_iter3,0,100
51045,291.80241000000007,MMU_5ac_nb8_w9_iter3,37.56458499999998,87.12670501933141
51065,865.329735,Baseline,865.329735,-33.33368811138796
51117,8390.702855,MMU_2ac_nb8_w3_iter3,7178.190105,14.450669639402944
51145,968.2420400000002,MMU_5ac_nb4_w3_iter3,385.94087999999994,60.1400410170168
51157,1871.673255,MMU_35ac_nb4_w9_iter3,1179.8024100000002,36.96536471586222
51177,3327.664595,MMU_25ac_nb8_w3_iter3,1233.22546,62.940211526937254
51187,1074.816405,MMU_5ac_nb8_w9_iter3,902.46028,16.03586660923732
51800,13730.133870000003,MMU_15ac_nb4_w3_iter3,11398.989480000004,16.97830780145189
53001,17941.021015000006,MMU_25ac_nb4_w3_iter3,10682.30217999997,40.45878341556603
53023,5081.7632049999975,MMU_35ac_nb4_w3_iter3,2112.1227700000077,58.43720604844656
53039,43022.89361,MMU_35ac_nb4_w3_iter3,22387.083955,47.96471813835303
53055,118.356155,Baseline,118.356155,-49.794347408463885
53059,1513.1289,MMU_35ac_nb4_w3_iter3,245.255005,83.7915325654014
53063,20298.50826500001,MMU_25ac_nb8_w3_iter3,3035.8508700000093,85.0439705698245
53069,3.77916,MMU_1ac_nb8_w3_iter1,2,47.07818668698865
54009,318.53351499999997,Baseline,318.53351499999997,-15.709139743113068
54015,23.11975,MMU_15ac_nb4_w3_iter3,13.33437,42.324765622465634
55039,27588.341005000017,MMU_25ac_nb8_w3_iter3,14033.48447499999,49.13255395655502
55047,9002.584329999992,Baseline,9002.584329999992,-3.621527308703547
55049,21600.28644499999,CSB_field_modal,13871.037845000004,35.783083801599986
55061,24152.25636499999,CSB_field_modal,22145.421610000005,8.309098432344278
55081,23457.135694999994,CSB_field_modal,15650.181614999998,33.28178760403423
55095,11430.596439999994,CSB_field_modal,6209.7581900000005,45.67424173711793
55097,9049.460095,MMU_2ac_nb8_w3_iter3,3722.4326600000095,58.86569341239788
55099,2726.8127850000005,Baseline,2726.8127850000005,-5.847750746848549
55115,35000.70420500001,MMU_25ac_nb8_w9_iter3,13243.506714999992,62.162170688245475
56023,11400.895345,CSB_field_modal,8833.789859999995,22.516700726718277
56027,15896.254695000003,MMU_35ac_nb4_w3_iter3,6455.457165000001,59.390074650537045
56037,10086.694415000002,CSB_field_modal,9097.481455,9.807107455629213
01133,1110.581525,MMU_35ac_nb4_w3_iter3,338.205275,69.54701051775557
05047,2116.715315,MMU_15ac_nb4_w3_iter3,1876.083925,11.36815084649207
05051,89.84136000000001,Baseline,89.84136000000001,NA
05113,75.93001,MMU_15ac_nb4_w3_iter3,60.584755,20.209736571877176
05123,39452.662615,MMU_15ac_nb4_w3_iter3,35176.451555,10.838840211444133
06095,10008.705795000003,MMU_15ac_nb4_w3_iter3,2411.333894999996,75.90763536875454
06101,45551.08977000001,CSB_field_modal,39560.435655000016,13.15150558471479
08003,19709.408765000004,MMU_35ac_nb4_w9_iter3,11940.039440000002,39.41959608041038
08049,101.85691,Baseline,101.85691,NA
08075,36663.10503000003,MMU_35ac_nb4_w3_iter3,17888.519130000008,51.208390245827474
12011,674.018585,MMU_15ac_nb8_w9_iter3,32.085539999999995,95.23966538697148
12015,11557.824965,MMU_35ac_nb4_w3_iter3,4613.98588,60.0791161488229
12043,18324.72091,MMU_35ac_nb4_w9_iter3,10219.979925,44.22845523708443
12061,38243.368409999995,MMU_35ac_nb4_w3_iter3,31590.19959,17.39692160134175
13063,179.027975,MMU_25ac_nb4_w3_iter3,4.670295,97.3913043478261
13065,3462.450875,MMU_35ac_nb4_w3_iter3,3079.31722,11.065388906059216
13089,158.1244,MMU_15ac_nb4_w3_iter3,8.449455,94.65645087032742
13093,45262.40838000001,MMU_35ac_nb4_w3_iter3,34926.60075500001,22.835301953501556
13109,4608.619650000001,MMU_35ac_nb4_w9_iter3,2085.7707700000005,54.74196335555702
13111,564.06069,CSB_field_modal,525.3639599999999,6.860384119304609
13117,100.84136,MMU_1ac_nb8_w3_iter3,71.424575,29.171348938570453
13131,21789.55673500001,MMU_35ac_nb4_w9_iter3,8916.219655,59.080307307591504
13145,272.65944,Baseline,272.65944,-0.32626048084011566
13147,2931.115535,CSB_field_modal,2497.6676799999996,14.787812006188982
13155,12293.97359,CSB_field_modal,5310.992984999995,56.800029330468114
13165,11202.46115,CSB_field_modal,7955.938939999997,28.980437124747382
13175,17221.155195,CSB_field_modal,14172.786929999998,17.701299538169586
13193,21166.6376,MMU_15ac_nb4_w9_iter3,16783.676939999998,20.70692919124764
13207,1705.1024650000002,MMU_35ac_nb4_w9_iter3,666.74021,60.897352289030906
13211,2701.2833699999996,CSB_field_modal,2555.169855,5.409040629454572
13225,16026.78687,MMU_35ac_nb4_w3_iter3,11701.67499,26.986768558681156
13235,17878.58449,MMU_35ac_nb4_w3_iter3,14103.874155,21.11302680092655
13239,1851.226865,MMU_35ac_nb4_w9_iter3,1436.46019,22.404961965588154
13277,7573.446555000002,MMU_15ac_nb4_w3_iter3,3244.748854999999,57.15624542358711
13293,935.95329,MMU_25ac_nb4_w3_iter3,786.05906,16.015140029049945
16001,13555.440270000005,MMU_25ac_nb8_w3_iter3,4556.676064999999,66.38489068418878
17025,32851.865865,CSB_field_modal,21663.840599999992,34.05598120659442
17029,5562.758694999997,MMU_5ac_nb4_w3_iter3,4954.95316,10.92633292805445
17035,10217.240665000005,MMU_15ac_nb4_w3_iter3,5510.546224999996,46.06619922464169
17055,28766.276629999997,CSB_field_modal,17886.046045,37.82286711952543
17059,40951.150250000006,CSB_field_modal,35224.256604999995,13.984695448206631
17063,8553.856645000002,CSB_field_modal,5363.155580000008,37.30131562194299
17065,20916.744399999996,CSB_field_modal,14025.935059999996,32.94398596752944
17083,10110.813779999997,CSB_field_modal,4742.4552350000085,53.09521727735736
17103,41642.303010000025,MMU_25ac_nb4_w3_iter3,36994.46990499999,11.161325789027323
17107,20205.131485,Baseline,20205.131485,-1.052255562691316
17111,36615.51333999999,CSB_field_modal,29141.929364999996,20.41097691462815
17131,49846.834940000015,MMU_35ac_nb4_w3_iter3,39382.70540000001,20.992565631490013
17133,65700.113195,CSB_field_modal,54142.245045,17.591854241857824
17137,15697.723889999985,CSB_field_modal,7529.919149999998,52.03177732794224
17141,29122.648770000014,MMU_35ac_nb4_w3_iter3,19618.82084000001,32.633803350298756
17151,6664.865035,CSB_field_modal,4757.827909999998,28.61328946625851
17165,6351.984034999997,CSB_field_modal,1338.2905100000078,78.93114178773267
17171,19725.68043499999,CSB_field_modal,14367.5177,27.16338608777627
17191,10412.389029999982,Baseline,10412.389029999982,-5.7148028496207335
17199,6623.169239999998,CSB_field_modal,5479.208905000001,17.272098802657165
18001,18318.680949999987,CSB_field_modal,11616.140439999996,36.58855421028552
18005,27379.071989999993,CSB_field_modal,19449.578265,28.96187908741459
18015,7842.969019999986,CSB_field_modal,6081.303745000007,22.461714058893243
18043,3582.1482499999993,CSB_field_modal,2996.8046099999997,16.340575519173445
18141,5218.683359999996,Baseline,5218.683359999996,-1.1804397920016936
18151,6185.389355000005,Baseline,6185.389355000005,-2.304323977354475
18155,8391.808245,CSB_field_modal,7280.055639999999,13.24806969537709
18167,8308.303415,MMU_15ac_nb8_w3_iter3,3305.4499050000004,60.21510361511032
18181,5527.600949999993,Baseline,5527.600949999993,-10.657866954017551
19001,39547.654115000005,Baseline,39547.654115000005,-1.026283060481336
19007,22886.23116,MMU_35ac_nb4_w3_iter3,11906.145220000002,47.97682005061072
19011,28375.24184000001,CSB_field_modal,10547.11285500001,62.82987502107574
19017,46654.885664999994,CSB_field_modal,32714.94467,29.878845047642233
19037,33039.46340499999,CSB_field_modal,14191.04236499999,57.04820568347242
19095,33542.28303499999,CSB_field_modal,16090.691794999995,52.02863270156649
19123,22328.400964999983,CSB_field_modal,8503.438185000003,61.91649281858904
20019,3740.029234999999,Baseline,3740.029234999999,-11.167233830459612
20031,27276.734934999997,CSB_field_modal,22264.777325,18.37447781761053
20033,4935.81619499999,Baseline,4935.81619499999,-17.24796925911487
20037,63433.73813499999,CSB_field_modal,47028.770959999994,25.861580378704573
20051,34109.905705000005,MMU_35ac_nb4_w3_iter3,18987.045704999997,44.335683982214064
20155,72179.15159999998,CSB_field_modal,55053.62462500001,23.726417664072365
20159,39399.33979499998,CSB_field_modal,28601.172964999983,27.406974041149667
20163,16506.121790000005,CSB_field_modal,14093.642610000006,14.615663271438876
20169,18233.794740000012,CSB_field_modal,8976.60286499999,50.76942022766247
20173,68416.55146,CSB_field_modal,58578.241449999994,14.380014484875064
20175,10416.765575,CSB_field_modal,3452.1452350000063,66.85972041758264
20183,13011.598079999989,MMU_5ac_nb8_w9_iter3,10255.23445,21.18389772764939
20189,27026.47838500002,MMU_35ac_nb4_w3_iter3,22237.424455000008,17.71985924980143
20199,18386.98676500001,MMU_35ac_nb4_w3_iter3,15524.095930000016,15.570201205830866
20207,48258.509535,CSB_field_modal,40145.53993499999,16.811479836765344
21023,5983.332905,Baseline,5983.332905,-3.910187577971641
21091,6301.3477299999995,MMU_35ac_nb8_w3_iter3,4117.6512250000005,34.65443582177935
21129,61.30638,Baseline,61.30638,-18.500757996149822
21145,5008.4570200000035,MMU_15ac_nb4_w3_iter3,4532.08693,9.511314324905644
21149,6238.0521999999955,MMU_35ac_nb4_w9_iter3,5831.958930000001,6.509937028099813
21157,10242.597265,CSB_field_modal,6918.459199999997,32.45405417197181
22061,234.2395,MMU_15ac_nb4_w9_iter3,209.108865,10.728606831896414
22089,3541.6403750000004,MMU_35ac_nb4_w3_iter3,2184.80848,38.31083202511775
23011,1754.7662400000006,Baseline,1754.7662400000006,-17.2363243094989
24019,29346.49429,Baseline,29346.49429,-1.370147166562963
26025,17936.25358500001,MMU_15ac_nb4_w9_iter3,3525.770140000006,80.3427726794151
26079,6323.122034999999,MMU_35ac_nb4_w3_iter3,2117.187795,66.5167336122748
26087,14362.023535000004,MMU_15ac_nb4_w3_iter3,6235.822780000004,56.58116862987022
26093,10898.218740000004,MMU_2ac_nb8_w3_iter3,6605.964295000001,39.38491736494547
26107,23576.539695,MMU_35ac_nb4_w3_iter3,14116.157339999998,40.12625464714108
26113,23593.867295000004,MMU_5ac_nb4_w3_iter3,19572.076115,17.045917609498048
26119,4292.999159999999,MMU_5ac_nb4_w3_iter3,954.73882,77.76056354970264
26123,21644.064225,MMU_15ac_nb4_w3_iter3,4338.619695,79.95469034882703
26127,4447.403930000001,MMU_2ac_nb8_w3_iter3,2181.061940000006,50.95876213789276
27005,67085.901915,MMU_15ac_nb4_w3_iter3,58368.90749499999,12.993779872028425
27019,12207.383844999991,MMU_15ac_nb8_w9_iter3,6408.879009999999,47.49997959124548
27043,23626.495350000005,MMU_35ac_nb4_w3_iter3,20034.148915000016,15.204736808330685
27051,12148.040550000009,Baseline,12148.040550000009,-0.48260853064086856
27115,6143.188010000002,MMU_1ac_nb8_w3_iter3,3646.664044999999,40.63889890617236
27121,27714.51208,MMU_35ac_nb4_w3_iter3,7992.301084999997,71.16203575249808
28025,5944.28703,MMU_35ac_nb4_w3_iter3,5357.609020000001,9.869611057459313
28039,3726.145150000001,MMU_35ac_nb8_w3_iter3,3217.4789849999997,13.6512708046277
28043,11809.402305,MMU_35ac_nb4_w9_iter3,7426.441645000001,37.1141616383438
28045,347.62203,MMU_25ac_nb4_w9_iter3,22.001569999999987,93.6708355336398
28059,2072.394775,MMU_35ac_nb4_w9_iter3,1165.467965,43.76226098138082
28065,1608.6654199999998,MMU_35ac_nb4_w3_iter3,729.3732150000001,54.65973185399857
28069,1057.337375,MMU_35ac_nb4_w9_iter3,339.44631499999997,67.89612066820206
28085,289.702905,Baseline,289.702905,-6.755458665490413
28115,5184.164075,MMU_2ac_nb8_w3_iter3,4614.165690000002,10.994991222379443
29011,57915.3017,CSB_field_modal,43174.96109999999,25.451547634776475
29051,10094.15709,CSB_field_modal,8692.401405,13.886802756306206
29071,21559.14919,CSB_field_modal,17292.72351,19.78939726424333
29073,4212.525095000001,MMU_1ac_nb8_w3_iter1,4107.332260000001,2.497144411670265
29105,13108.613225,CSB_field_modal,12833.9554,2.0952469974183656
29117,16420.068830000007,MMU_2ac_nb8_w3_iter3,16098.263265,1.959830792012634
29119,3052.7698450000003,MMU_1ac_nb8_w3_iter1,3043.20686,0.3132560096419667
29133,51089.602495,Baseline,51089.602495,-1.5823294477171037
29145,13196.791735,MMU_5ac_nb8_w3_iter3,13176.109,0.1567254785505662
29155,52491.065620000016,Baseline,52491.065620000016,-2.6797862805514
29161,1073.44938,MMU_35ac_nb4_w3_iter3,898.511655,16.29678383157668
29163,44449.384175,CSB_field_modal,31678.79608999998,28.730629955909897
29173,43959.316915,CSB_field_modal,34338.286819999994,21.88621382266537
29181,4106.699250000001,MMU_25ac_nb4_w3_iter3,2930.134910000001,28.64987836642773
29186,13729.438115,CSB_field_modal,11227.27197,18.224825546693545
29203,163.33436999999998,MMU_5ac_nb8_w9_iter3,132.19906999999998,19.062307584129417
29211,17991.39748,CSB_field_modal,13075.800794999996,27.32192810738792
29219,15825.82922,CSB_field_modal,12074.91515,23.701216649423696
30019,20069.767435,MMU_35ac_nb4_w3_iter3,17063.431825000007,14.979424249616322
30107,10044.258465,MMU_2ac_nb8_w3_iter3,5737.004284999999,42.88274933394997
31007,29756.654944999995,Baseline,29756.654944999995,-0.03064254035559976
31033,13508.150495000002,MMU_25ac_nb4_w3_iter3,6093.72359000002,54.88854234889082
31051,6187.20939,MMU_2ac_nb8_w3_iter3,5809.1378900000045,6.110533459737903
31065,8709.35024499998,CSB_field_modal,4742.534315000003,45.54663457560819
31079,3757.242959999994,Baseline,3757.242959999994,-16.69186439835687
31081,25046.488085000023,MMU_25ac_nb4_w3_iter3,23743.698175000012,5.201487352553162
31085,34988.508880000016,MMU_35ac_nb4_w3_iter3,30864.638395,11.786356769714416
31093,16759.24404500001,Baseline,16759.24404500001,-1.7991481250011976
31095,39646.321715,CSB_field_modal,26271.486414999992,33.73537498925077
31097,4606.636484999998,MMU_1ac_nb8_w3_iter3,4471.131514999996,2.9415164500439595
31121,13087.59205500001,MMU_5ac_nb4_w3_iter3,12084.590605000012,7.663758510999812
31147,4348.933399999993,Baseline,4348.933399999993,-32.65661575778559
31153,5605.051375000002,CSB_field_modal,4523.5444900000075,19.295218056765695
31165,2395.823120000001,MMU_1ac_nb8_w3_iter3,1782.1583549999996,25.61394286069003
31177,31967.17937499999,CSB_field_modal,24558.979529999993,23.174393205281028
32017,16557.54123,Baseline,16557.54123,-0.3881745127926885
32019,9823.68743,CSB_field_modal,3696.927575,62.36721087328
33011,1793.81636,MMU_5ac_nb4_w3_iter3,942.710695,47.44664414812227
33019,686.7602000000003,MMU_1ac_nb8_w3_iter1,225.2905749999999,67.19516142606986
35001,2598.032805,Baseline,2598.032805,-1.5237032389974052
35009,252908.968945,MMU_35ac_nb4_w3_iter3,233096.91037000003,7.833671798056507
35013,13131.632519999996,CSB_field_modal,8474.681219999997,35.463612714620815
35015,2350.982645,MMU_1ac_nb8_w3_iter3,1873.928164999999,20.291705726309225
35019,839.1086700000001,MMU_5ac_nb8_w9_iter3,425.20846,49.32617488030484
35023,8878.63306,MMU_35ac_nb4_w9_iter3,6580.847920000001,25.87994260458827
35025,13579.039505000004,MMU_35ac_nb4_w9_iter3,10139.256040000002,25.33156681467362
35043,546.0600150000005,MMU_1ac_nb8_w3_iter3,496.3753550000001,9.098754465660752
36081,28.024880000000003,MMU_15ac_nb4_w9_iter3,1.998445,92.8690328022814
36085,34.916015,MMU_15ac_nb4_w9_iter3,2.446345,92.9936305732484
36087,95.13841,MMU_2ac_nb8_w3_iter3,78.4168,17.576087302699314
36101,13552.260165000009,Baseline,13552.260165000009,-59.77571395007224
36109,16915.42477,MMU_35ac_nb4_w9_iter3,1357.0966450000014,91.97716484538508
36123,4691.001800000002,Baseline,4691.001800000002,-73.04000000596876
37001,3974.250505,Baseline,3974.250505,-2.5743808768793204
37011,7221.527235,Baseline,7221.527235,-2.8288712117555295
37025,3717.60956,Baseline,3717.60956,-13.023258822263212
37041,16498.095925,Baseline,16498.095925,-7.972095907182699
37069,13792.590535,MMU_2ac_nb8_w3_iter3,13731.8767,0.4401916728111024
37073,14590.322145000002,MMU_35ac_nb4_w3_iter3,13188.394265,9.608614985108016
37097,6210.738075000001,Baseline,6210.738075000001,-39.3065990792084
37107,22420.42174,Baseline,22420.42174,-2.82501804535636
37169,2537.109805,MMU_1ac_nb8_w3_iter3,1694.72689,33.202461846147806
37181,5132.34612,MMU_5ac_nb8_w3_iter3,4499.632345,12.327963863045143
37185,5326.0098800000005,MMU_5ac_nb8_w3_iter3,4524.629344999999,15.046546158491184
37187,28108.616835,MMU_35ac_nb4_w3_iter3,27961.613739999997,0.5229823148642394
38011,71222.45975,CSB_field_modal,60621.557285,14.884212792159278
38013,21302.346670000017,Baseline,21302.346670000017,-8.680801479980751
38021,19094.360175000016,MMU_15ac_nb4_w9_iter3,12279.94366000001,35.68811131949856
38057,40182.83739000001,Baseline,40182.83739000001,-0.0066414921726217
38063,34146.649904999984,CSB_field_modal,19870.67006499999,41.807849026822424
38069,61791.705985,CSB_field_modal,42512.950619999974,31.19958424465569
38073,38669.342895,MMU_35ac_nb4_w3_iter3,31383.68269500002,18.840920622269028
38087,16576.020920000014,Baseline,16576.020920000014,-2.853725675679193
39005,9781.941984999994,Baseline,9781.941984999994,-7.723541001966082
39021,29748.219720000016,MMU_35ac_nb4_w3_iter3,23677.28101000001,20.407737898743765
39023,4803.897894999994,Baseline,4803.897894999994,-2.405226391682341
39025,32215.54585,CSB_field_modal,26713.271155,17.079563762847123
39029,18214.732644999996,CSB_field_modal,13923.398724999995,23.559686566017124
39033,30061.550784999992,CSB_field_modal,20639.119424999983,31.343796690294432
39039,9723.649984999987,CSB_field_modal,4203.955564999999,56.76566339301439
39059,6417.008345,CSB_field_modal,5997.99547,6.5297230807949145
39063,51017.01201000002,MMU_35ac_nb4_w3_iter3,41517.231240000016,18.62080979603023
39069,4744.713680000008,MMU_5ac_nb4_w3_iter3,3833.115045000013,19.21293246508382
39073,812.3354000000004,MMU_5ac_nb4_w3_iter3,503.61125,38.00451759211776
39077,9372.593485000012,Baseline,9372.593485000012,-27.415590296456536
39079,2006.449455,MMU_2ac_nb8_w3_iter3,1834.315725,8.579021493466923
39081,6897.056115,Baseline,6897.056115,-7.00037141861067
39091,9455.40512500001,MMU_25ac_nb4_w3_iter3,4030.024319999999,57.37861819009056
39117,3387.1626300000025,Baseline,3387.1626300000025,-63.27480694365114
39147,14742.746165000004,MMU_35ac_nb8_w3_iter3,8309.851140000002,43.63430634295263
40003,48020.99167,MMU_35ac_nb4_w3_iter3,38794.14493500001,19.214194488957748
40047,45901.07986000002,MMU_35ac_nb4_w3_iter3,30907.68124,32.664587991677834
40051,47342.81727000001,MMU_35ac_nb4_w3_iter3,22576.537989999997,52.31264362396489
40057,23407.476485000007,MMU_35ac_nb4_w3_iter3,15540.92054500001,33.60702271789549
40061,2862.8908349999997,MMU_35ac_nb4_w9_iter3,1663.0698100000002,41.90942282296279
40071,82176.791385,CSB_field_modal,68895.36198499998,16.162019928201197
40081,12096.82609,MMU_35ac_nb4_w3_iter3,5880.44105,51.38856253491861
40085,11347.65486,MMU_35ac_nb4_w3_iter3,6188.090860000001,45.468108288940314
40093,71580.05002,MMU_35ac_nb4_w3_iter3,57148.68860000001,20.16115023105985
40097,8619.075835,MMU_25ac_nb4_w3_iter3,6608.40264,23.32817616982946
40105,7176.48948,MMU_35ac_nb8_w3_iter3,5795.01238,19.250040062763397
40107,5731.899835,MMU_35ac_nb4_w9_iter3,3770.375935000001,34.2211824432553
40111,2995.387375,MMU_2ac_nb8_w3_iter3,2830.1478899999997,5.516464627550898
40115,27691.417915000002,MMU_35ac_nb4_w3_iter3,24229.617345,12.501348181686277
40119,13268.883320000004,MMU_35ac_nb4_w9_iter3,3597.4729200000006,72.88789995931626
42025,3803.5967450000007,MMU_15ac_nb8_w9_iter3,2600.599005,31.62789908213577
42039,19191.84271,MMU_15ac_nb8_w9_iter3,6136.212534999997,68.02697569106955
42053,992.917405,MMU_15ac_nb4_w9_iter3,178.062125,82.06677372122407
42069,1855.8146549999997,CSB_field_modal,1851.58915,0.22769003297905008
42079,1690.6873650000011,Baseline,1690.6873650000011,-40.679272184659496
42083,1873.58151,MMU_5ac_nb4_w3_iter3,1347.83973,28.060790373619778
42087,4866.21146,Baseline,4866.21146,-27.44397743455234
42093,9042.87024,MMU_35ac_nb4_w3_iter3,4090.194810000001,54.768843282661095
42107,3804.168329999999,Baseline,3804.168329999999,-26.892429994021896
42121,3365.0519149999996,CSB_field_modal,3165.563055,5.928255047441058
44001,144.573855,MMU_5ac_nb4_w3_iter3,27.559875,80.93716529866344
44003,493.665555,MMU_5ac_nb8_w3_iter3,22.22395000000001,95.49817689832544
45001,1233.58788,Baseline,1233.58788,-4.1104538089333325
45079,16584.81318,CSB_field_modal,15288.695119999998,7.815089901422703
46019,20806.569024999997,Baseline,20806.569024999997,-4.563002453019786
46027,16046.543250000002,CSB_field_modal,11205.671285000011,30.167693375331723
46099,46416.38524,MMU_35ac_nb4_w3_iter3,34717.072115,25.205136213230904
47015,5016.7821699999995,CSB_field_modal,3124.4231149999996,37.72057448131139
47023,6381.223435000001,MMU_35ac_nb4_w3_iter3,1285.8142800000005,79.85003513671825
47077,8170.330449999996,CSB_field_modal,2246.394834999999,72.50545924981529
47083,501.609575,MMU_35ac_nb8_w9_iter3,116.564555,76.76189594267613
47087,1061.520985,MMU_35ac_nb8_w3_iter3,923.41369,13.0103216942056
47101,314.337495,MMU_5ac_nb8_w3_iter3,266.744965,15.140583212957145
47103,13341.618305000002,CSB_field_modal,7676.772864999998,42.45995733423886
47115,4405.848195,CSB_field_modal,3627.204424999999,17.67295956505374
47131,26163.982334999993,CSB_field_modal,25364.472309999997,3.0557658033979016
47137,1008.35155,Baseline,1008.35155,-0.08822121610266513
47139,1211.991195,CSB_field_modal,826.5806599999996,31.799780113089053
47171,59.581645,MMU_15ac_nb4_w3_iter3,27.556765,53.74957337951982
47175,712.287645,MMU_15ac_nb8_w3_iter3,322.46972999999997,54.72759744414773
48013,20887.74373,MMU_35ac_nb4_w3_iter3,8777.098709999998,57.979670645834766
48019,1237.97811,MMU_25ac_nb4_w9_iter3,258.10573999999997,79.15102553792329
48047,6030.078615,MMU_35ac_nb4_w9_iter3,1408.265725,76.64598067599157
48061,77270.758905,MMU_35ac_nb4_w3_iter3,45245.88581500002,41.445009139062215
48073,2295.0109,Baseline,2295.0109,-0.06783257543570018
48081,16493.78742,MMU_35ac_nb4_w3_iter3,6170.211520000001,62.59069331451346
48087,54581.5917,MMU_35ac_nb4_w3_iter3,43285.70486,20.69541486090448
48095,41170.19449,MMU_35ac_nb4_w3_iter3,28261.276715000004,31.355007997680207
48101,58199.343315,MMU_35ac_nb4_w3_iter3,45270.40999,22.2149127268035
48111,105508.200455,MMU_35ac_nb4_w3_iter3,91835.13346000004,12.959245761026548
48117,232494.367875,MMU_25ac_nb4_w3_iter3,221344.372155,4.79581325857957
48121,30897.84461,MMU_35ac_nb4_w3_iter3,15049.97691,51.29117548500739
48169,33575.147165,MMU_35ac_nb4_w3_iter3,27476.40908,18.16444185643825
48179,33770.149784999994,MMU_35ac_nb4_w3_iter3,21594.24593000001,36.055226087295225
48207,184506.44455,MMU_35ac_nb4_w3_iter3,169379.80383500003,8.198434884967265
48211,12016.05572,MMU_35ac_nb4_w3_iter3,7641.768465000001,36.40368650853758
48217,33999.15138500001,MMU_35ac_nb4_w3_iter3,17157.622825,49.535143890180386
48231,28581.348585,MMU_35ac_nb4_w3_iter3,11746.936665000005,58.89999161493379
48247,104.748045,MMU_15ac_nb4_w3_iter3,5.7822700000000005,94.47983014861995
48325,14954.55727500001,MMU_15ac_nb4_w3_iter3,4059.068225,72.85731599834341
48329,16354.769850000002,MMU_35ac_nb4_w3_iter3,13294.69623,18.71058809182815
48353,30932.048460000005,MMU_35ac_nb4_w3_iter3,21589.23451000001,30.204316930647916
48357,72383.05376000001,MMU_35ac_nb4_w3_iter3,60652.60709000002,16.206067664531748
48359,54949.18239,MMU_35ac_nb4_w3_iter3,46779.27967,14.868106065736129
48363,17044.755815,MMU_35ac_nb4_w3_iter3,9413.048995,44.774515415960515
50001,13175.117094999998,MMU_1ac_nb8_w3_iter3,12350.740204999998,6.257074484088296
50013,1542.4007850000005,MMU_25ac_nb4_w9_iter3,481.1318450000002,68.80630185882588
51169,1766.377985,CSB_field_modal,1740.580165,1.4604926136463303
54029,74.34058999999999,MMU_1ac_nb8_w3_iter1,58.77294,20.94098257762011
54035,340.7061049999999,Baseline,340.7061049999999,-2.61277971523289
55027,15508.043170000004,MMU_2ac_nb8_w3_iter3,13917.908355000003,10.25361354471907
55031,4082.811875,CSB_field_modal,4036.998505,1.1221033788141432
55035,7547.396505000004,MMU_2ac_nb8_w3_iter3,4770.570179999999,36.79184369286033
55055,25317.430484999997,MMU_5ac_nb4_w3_iter3,14681.247665000008,42.011304529113595
55059,14245.419840000004,MMU_15ac_nb4_w3_iter3,9070.573280000004,36.32638853836686
55063,18875.549679999996,CSB_field_modal,13404.855074999998,28.98296843135962
55065,37448.210125,CSB_field_modal,21203.812140000002,43.378302810139985
55078,502.6127,MMU_35ac_nb4_w9_iter3,118.536535,76.41592920353983
55083,27221.42955,MMU_25ac_nb4_w9_iter3,4198.482189999997,84.57655509131777
55087,37273.082965,MMU_35ac_nb8_w9_iter3,24730.65526,33.65009467228008
55091,6447.494634999999,CSB_field_modal,6403.538355000006,0.6817575273560978
55093,7086.185979999995,Baseline,7086.185979999995,-64.62341600862149
55103,15779.224119999995,CSB_field_modal,11419.170145,27.63161193378118
55105,22807.148535,MMU_5ac_nb4_w3_iter3,20067.17549000001,12.013658966596411
55113,2124.5387649999993,MMU_1ac_nb8_w3_iter1,2076.946235,2.240134695777096
55125,783.6842750000001,MMU_25ac_nb4_w9_iter3,653.13841,16.65796662820624
55127,41080.91789500001,MMU_35ac_nb4_w3_iter3,31861.00352,22.443301774720503
55135,37111.199785,MMU_25ac_nb4_w3_iter3,7705.95968,79.23548760308559
55137,32618.48126000001,MMU_35ac_nb4_w3_iter3,12235.880530000002,62.48789012440981
55141,32036.97759,MMU_25ac_nb8_w3_iter3,12011.186059999996,62.508367007288605
56005,13910.577415,MMU_5ac_nb8_w9_iter3,2138.320485,84.62809687041305
56007,1836.9827,MMU_35ac_nb4_w3_iter3,567.329645,69.11622276029055
56009,2752.2567599999984,Baseline,2752.2567599999984,-8.356836591074536
56019,2571.1558799999993,Baseline,2571.1558799999993,-33.42924136517147
01017,1137.4836650000002,MMU_25ac_nb4_w3_iter3,994.706075,12.552056297001856
05031,23619.01734,CSB_field_modal,18745.00852000001,20.63595089430588
05033,10172.32509,CSB_field_modal,9422.186755,7.374305563016563
05077,36830.545655000016,MMU_5ac_nb4_w3_iter3,34063.284669999994,7.51349439924561
05087,471.094855,MMU_25ac_nb4_w3_iter3,392.811815,16.617256412193253
12109,1158.930029999999,CSB_field_modal,498.0903300000001,57.02153563144788
13011,116.25352499999995,CSB_field_modal,92.90205000000002,20.086681242568737
13061,5058.902045000002,MMU_35ac_nb4_w9_iter3,4245.525575,16.078122540520585
13071,12957.422945000008,MMU_1ac_nb8_w3_iter3,10638.751084999996,17.89454484770629
13197,3343.9171950000004,MMU_5ac_nb4_w3_iter3,2625.35895,21.488517899738255
13201,20968.390025000008,MMU_35ac_nb4_w9_iter3,14414.9109,31.254088259453784
13253,10507.263829999998,CSB_field_modal,8488.102555000001,19.21681331761132
13257,615.36393,CSB_field_modal,611.36082,0.65052724166007
16017,2035.217775,Baseline,2035.217775,-2.5132863238677294
16045,5395.765440000001,MMU_15ac_nb8_w3_iter3,716.9835299999977,86.71210715193733
16053,20672.40398,MMU_35ac_nb4_w3_iter3,12640.830950000003,38.85166445939393
16081,16707.331625000006,MMU_35ac_nb4_w3_iter3,6534.317140000003,60.889522715749656
17049,48566.16125499999,CSB_field_modal,38048.87930999999,21.655575967345428
17067,16202.195380000025,MMU_15ac_nb4_w3_iter3,5968.0222700000195,63.16534809000674
17087,1642.5759249999992,Baseline,1642.5759249999992,-7.913845748104627
17115,34184.02461499999,CSB_field_modal,26189.36915499999,23.387110061031073
17121,20852.276649999993,CSB_field_modal,10049.217130000001,51.80757814279237
18077,6216.627970000001,MMU_2ac_nb8_w3_iter3,4762.6094600000015,23.3891832841977
18119,7889.600035,CSB_field_modal,4485.399769999996,43.1479447614356
18135,16743.102990000014,MMU_35ac_nb4_w3_iter3,11968.282340000018,28.51813461848622
19047,39293.299664999984,CSB_field_modal,23034.299979999993,41.37855518273639
19077,12109.915559999998,CSB_field_modal,5184.426140000018,57.18858554947662
19121,25140.36836500001,MMU_35ac_nb4_w3_iter3,14442.50168,42.552545490516344
19169,13006.215854999991,Baseline,13006.215854999991,-3.96528868004102
19191,65198.84533,CSB_field_modal,36922.65544999999,43.369157439647566
20027,30861.02913000001,CSB_field_modal,28274.868639999993,8.380020248534123
20035,65203.90581000001,Baseline,65203.90581000001,-2.1886859341808416
20061,4301.385045000001,CSB_field_modal,3445.7391650000013,19.892334005173893
20083,1274.3979249999938,Baseline,1274.3979249999938,-89.43630185210885
20107,42247.36648,CSB_field_modal,30717.964889999996,27.290225523188653
20113,65655.11996499999,MMU_25ac_nb8_w9_iter3,52402.785649999976,20.184769020397333
20127,18953.305424999995,CSB_field_modal,14557.934305000002,23.19052545949248
20143,33544.41874,CSB_field_modal,28009.896769999992,16.4990844315939
20167,5101.809050000005,MMU_1ac_nb8_w3_iter1,4416.610055000012,13.430510399051355
20179,36700.253049999985,MMU_35ac_nb4_w3_iter3,33407.47267999999,8.972091733302083
21199,16795.542985,CSB_field_modal,14516.21663,13.571019150947688
23005,736.7356199999999,Baseline,736.7356199999999,-6.882531348219609
25007,2138.301475,MMU_35ac_nb4_w3_iter3,632.4649300000001,70.42208793313394
26003,556.538495,Baseline,556.538495,-15.304832597428826
26037,20401.68027500001,MMU_25ac_nb4_w9_iter3,10487.53357,48.5947557817024
26047,1662.2887849999988,Baseline,1662.2887849999988,-21.3124962519675
26065,14776.288335,CSB_field_modal,4577.0312399999875,69.02448614813127
26111,7211.797005000006,MMU_15ac_nb4_w3_iter3,3795.597315000005,47.36960410327022
26125,3663.758030000001,MMU_5ac_nb8_w9_iter3,2686.3471400000003,26.677823207664183
26133,30116.573355000004,MMU_35ac_nb4_w3_iter3,17102.792475000002,43.21135982702837
26161,5949.257295000007,MMU_2ac_nb8_w3_iter3,2740.9626949999947,53.927649131873835
27001,6086.706815,MMU_35ac_nb4_w3_iter3,3407.3753199999996,44.01939466506078
27025,13451.628599999998,MMU_5ac_nb4_w3_iter3,10179.018,24.328731466760814
27055,25400.146285,CSB_field_modal,18001.7147,29.127515652809947
27095,22820.827695,MMU_25ac_nb4_w3_iter3,11337.521249999998,50.31941259306723
27099,47580.163555,CSB_field_modal,32282.945874999983,32.15041003866515
27113,58004.304285000006,MMU_35ac_nb4_w3_iter3,43743.002515,24.586626709507826
27147,14364.550585,MMU_2ac_nb8_w3_iter3,13664.006335000004,4.876896397521351
28003,11407.82752,CSB_field_modal,8726.18861,23.50700784438229
28027,54115.680385000014,MMU_25ac_nb4_w3_iter3,53494.531149999995,1.147817472830284
28041,7045.52586,Baseline,7045.52586,-0.4766378786664475
28047,424.10731,MMU_15ac_nb8_w9_iter3,250.416815,40.95437425966555
28057,3362.449579999999,Baseline,3362.449579999999,-1.3233700295366808
28063,11421.405125,CSB_field_modal,11011.53114,3.5886476358573174
28073,675.3187899999999,CSB_field_modal,651.9673150000001,3.4578447017592837
28077,3117.965445,MMU_35ac_nb4_w3_iter3,2341.87379,24.890963953579032
28079,2435.539315,MMU_35ac_nb4_w9_iter3,645.9267500000001,73.4791080553754
28097,2429.2923050000004,MMU_15ac_nb4_w3_iter3,1250.3848750000004,48.52884223004195
28099,525.83197,MMU_15ac_nb4_w3_iter3,87.08865,83.43793170278332
28105,2208.925,MMU_35ac_nb4_w9_iter3,701.2626450000001,68.25321615718052
28107,26852.014529999997,CSB_field_modal,22191.18023,17.35748464902978
28117,1675.6869450000022,MMU_5ac_nb4_w3_iter3,1354.6263450000024,19.159939209289437
28123,3084.38984,MMU_35ac_nb4_w3_iter3,2563.0959599999996,16.901037386376554
28133,43768.769340000006,MMU_25ac_nb4_w3_iter3,42481.324685000014,2.9414687102554784
28147,2161.67191,CSB_field_modal,2115.636145,2.129637008606005
28153,791.78372,MMU_15ac_nb8_w9_iter3,485.32341,38.70505319306137
29001,9495.940005,MMU_5ac_nb4_w3_iter3,8238.963464999997,13.236989064149018
29015,5818.851329999999,MMU_15ac_nb8_w3_iter3,4602.98322,20.895328666181943
29025,15932.731424999996,CSB_field_modal,7398.990484999998,53.56106691543004
29035,119.646955,MMU_15ac_nb4_w3_iter3,11.777605,90.15636879350583
29055,3533.524215,CSB_field_modal,3427.2194050000003,3.0084641715126788
29057,27756.77098,CSB_field_modal,23556.61901,15.131990579979204
29061,23703.56009,CSB_field_modal,11897.721514999992,49.806183249159375
29063,28617.516614999997,CSB_field_modal,18653.775824999993,34.81693021810798
29065,825.860035,MMU_35ac_nb8_w3_iter3,798.95024,3.258396563529075
29067,1279.363945,Baseline,1279.363945,-0.8343958763039907
29077,3832.30239,CSB_field_modal,3414.1997899999997,10.909958491036512
29079,14669.982400000004,MMU_35ac_nb4_w3_iter3,4900.352780000001,66.59605549356351
29081,58531.734144999995,CSB_field_modal,45156.231660000005,22.85171058124643
29091,3237.10731,Baseline,3237.10731,-1.0373967182447217
29101,20586.777895,CSB_field_modal,15182.523065000009,26.251096007173352
29107,17777.700684999996,MMU_5ac_nb4_w3_iter3,16736.669690000006,5.855824740475948
29109,13734.601105,CSB_field_modal,11579.81595,15.688734885904797
29111,33635.27813499999,CSB_field_modal,18514.642084999992,44.95469307347829
29129,11316.898414999996,CSB_field_modal,5422.541334999997,52.08456295929384
29135,8823.096764999998,Baseline,8823.096764999998,-1.3511469745283204
29215,2681.13068,Baseline,2681.13068,-0.2239601763834999
30021,27065.735175,MMU_35ac_nb4_w3_iter3,15648.06355000002,42.18496763962363
30065,14855.718185,CSB_field_modal,13720.169315,7.643850373700398
30091,80763.69846499995,CSB_field_modal,52540.43859499995,34.94547724585809
30095,14745.497950000004,MMU_25ac_nb8_w9_iter3,1356.0483300000014,90.80364505425196
30109,5191.660599999998,Baseline,5191.660599999998,-3.0219110432604777
31001,8249.233004999991,Baseline,8249.233004999991,-1.3048386429960508
31003,43766.30325500003,MMU_35ac_nb4_w3_iter3,38795.53458500001,11.357524625825336
31005,2683.07434,CSB_field_modal,2596.5626850000003,3.2243480439680883
31011,22280.208424999993,CSB_field_modal,17404.198049999985,21.884940580397693
31015,13629.5431,MMU_35ac_nb8_w9_iter3,9723.619715000004,28.65777199090405
31017,19197.288195,MMU_35ac_nb4_w3_iter3,17694.12039,7.830104907168625
31021,8200.533239999973,CSB_field_modal,5169.154879999998,36.96562493294625
31027,22506.19677000001,MMU_5ac_nb4_w3_iter3,22443.25898500001,0.27964647089503886
31029,35865.32266000002,MMU_15ac_nb4_w3_iter3,35072.262090000004,2.2112182776610014
31041,32301.116294999985,MMU_5ac_nb4_w3_iter3,31538.96863000001,2.359508748983857
31053,24707.22598499999,CSB_field_modal,16534.432129999997,33.07855709888993
31067,40635.14693999997,CSB_field_modal,17911.914800000006,55.92014266258731
31089,25590.47407500002,MMU_25ac_nb8_w3_iter3,24062.590519999983,5.970516804503684
31099,33040.56612500002,MMU_35ac_nb4_w3_iter3,29795.30577000002,9.822048274604134
31101,21692.47367,MMU_35ac_nb4_w3_iter3,18953.234455000005,12.62760188935148
31109,88313.04782999998,CSB_field_modal,65942.77957,25.330649105285204
31113,10035.96007,MMU_35ac_nb4_w3_iter3,9125.030150000002,9.076659469012782
31119,6016.548000000004,Baseline,6016.548000000004,-5.077579369432237
31123,9295.517075000003,MMU_15ac_nb4_w9_iter3,7731.413040000003,16.82643388614289
31125,17421.902755000014,MMU_15ac_nb4_w3_iter3,15511.084915000009,10.967905554699572
31127,25965.341155,CSB_field_modal,15009.941059999996,42.19239804939125
31129,4755.7486699999945,Baseline,4755.7486699999945,-18.742772628478622
31137,20379.129005000017,MMU_35ac_nb4_w3_iter3,19134.82898,6.105756652773162
31143,18196.229680000015,MMU_15ac_nb4_w3_iter3,16892.550190000005,7.164558333932889
31155,25024.953869999983,CSB_field_modal,17507.25803500001,30.04079797330702
31161,23910.60920000001,MMU_1ac_nb8_w3_iter3,21649.542435000007,9.456332735344953
31167,13321.76725,MMU_15ac_nb4_w3_iter3,10845.176530000008,18.590556894769293
31173,15621.902574999993,CSB_field_modal,8374.716709999992,46.39118590201555
31181,21728.70633500001,MMU_35ac_nb4_w3_iter3,13131.138030000007,39.56778729689615
31183,23636.612905,MMU_15ac_nb4_w3_iter3,22932.73273,2.977923181417857
32009,12029.373605,CSB_field_modal,11842.561805,1.5529636549184167
32021,1145.986125,CSB_field_modal,1043.684425,8.9269579943649
32027,8581.553235000003,MMU_35ac_nb4_w3_iter3,6406.30774,25.34792286934991
32510,108.52876,MMU_15ac_nb4_w9_iter3,0.222395,99.79508196721312
33005,2289.102225,MMU_15ac_nb4_w3_iter3,169.69815000000014,92.58669411323471
34039,5.67496,MMU_15ac_nb4_w9_iter3,5.667185,0.13700537096297258
35003,115.800945,Baseline,115.800945,-25.158469129936716
35006,528.782255,CSB_field_modal,422.922235,20.01958632291849
35028,154.78692,MMU_5ac_nb4_w3_iter3,16.457230000000003,89.36781609195404
35035,2415.217805,Baseline,2415.217805,-2.200729263007416
35037,144919.43306,MMU_35ac_nb4_w3_iter3,108334.343585,25.245123240202663
35047,1262.861305,MMU_1ac_nb8_w3_iter3,680.874105,46.08480738904262
35055,1002.16105,CSB_field_modal,871.3927900000002,13.048627264051005
35059,37820.896335000005,MMU_35ac_nb4_w3_iter3,34625.30258,8.449280859699638
36003,14651.82644,MMU_25ac_nb8_w3_iter3,3041.86951,79.23897390911218
36007,3208.5017700000003,Baseline,3208.5017700000003,-0.908017108558442
36023,14349.357400000004,MMU_25ac_nb8_w3_iter3,1591.5403300000007,88.90862994324749
36033,8579.973109999999,MMU_15ac_nb8_w3_iter3,5895.425524999999,31.28853145088704
36037,32560.630745000013,MMU_35ac_nb4_w3_iter3,9222.2363,71.67672711187832
36041,538.75733,MMU_15ac_nb4_w9_iter3,18.575425,96.55217219968031
36097,2886.557865,MMU_1ac_nb8_w3_iter3,2054.3460000000005,28.83059699203361
37065,40966.559345,MMU_35ac_nb4_w3_iter3,39964.892265,2.4450847130325375
37109,5474.3073650000015,MMU_1ac_nb8_w3_iter1,5406.921680000001,1.2309444922809858
37133,12766.71401,MMU_15ac_nb4_w9_iter3,10463.59139,18.04005806189433
37147,38009.44393,Baseline,38009.44393,-0.751859394539702
37151,8283.81956,Baseline,8283.81956,-3.8391088518591534
37157,4523.140440000001,Baseline,4523.140440000001,-1.715972697058221
37171,12101.725954999998,CSB_field_modal,9131.64073,24.542658097235023
37191,52741.21435,Baseline,52741.21435,-1.3333272634440063
37195,23337.752235000007,MMU_25ac_nb4_w3_iter3,22356.545495,4.204375511916154
37197,3324.723404999997,Baseline,3324.723404999997,-63.17212363715425
38001,29845.319865000005,CSB_field_modal,17969.102335000003,39.79256239745447
38009,22695.795695000008,Baseline,22695.795695000008,-13.077680597265315
38015,116838.54816499996,CSB_field_modal,94089.09643,19.470844248144097
38025,93516.690585,MMU_35ac_nb4_w3_iter3,86567.51402000002,7.430947910505546
38029,39004.57001999999,MMU_25ac_nb4_w3_iter3,35594.80987999999,8.741950336208319
38031,15283.324220000002,Baseline,15283.324220000002,-29.949857924299135
38083,48135.97462999999,CSB_field_modal,38777.593030000004,19.44155420542275
39057,10918.900035000002,MMU_25ac_nb4_w9_iter3,7522.186090000001,31.10857260449312
39135,20060.07176499999,CSB_field_modal,9353.754070000005,53.37128311614489
39171,5564.0622199999925,Baseline,5564.0622199999925,-23.210519831318628
40053,63224.78634499999,MMU_35ac_nb4_w3_iter3,44641.66364999999,29.39214787314123
40091,2623.96395,MMU_35ac_nb4_w3_iter3,1501.996875,42.75847901797584
40121,1525.267295,Baseline,1525.267295,-6.167645848592065
40129,26530.975040000005,MMU_35ac_nb4_w3_iter3,14295.91911,46.116118655848695
40149,90059.71301500003,MMU_35ac_nb4_w3_iter3,65524.20703500002,27.243597784853534
40153,47894.43611000001,MMU_35ac_nb4_w3_iter3,29796.37550500001,37.78739677283988
41009,1182.9391,MMU_5ac_nb8_w9_iter3,399.2191200000001,66.25192962173622
41011,2039.69516,MMU_25ac_nb4_w3_iter3,1860.443235,8.788172297276036
41063,13216.21813,MMU_35ac_nb4_w3_iter3,5804.682359999999,56.07909688760564
41067,10607.919514999998,MMU_5ac_nb4_w3_iter3,4548.897139999999,57.11791427557792
41071,15350.228194999998,MMU_15ac_nb4_w9_iter3,6063.012995000001,60.50213118672141
42001,10083.860255,MMU_1ac_nb8_w3_iter3,9716.20047,3.646022214733693
42009,16595.60234,MMU_5ac_nb4_w3_iter3,14325.973599999998,13.67608534780065
42011,6355.8548949999895,Baseline,6355.8548949999895,-19.45632555225312
42019,26237.807035,MMU_25ac_nb8_w3_iter3,7824.216980000001,70.17960773336407
42021,3875.534685000001,Baseline,3875.534685000001,-0.6931339075345998
42023,396.20683,MMU_15ac_nb8_w3_iter3,313.58477,20.853264947502296
42073,13573.827155,MMU_15ac_nb8_w9_iter3,6490.896075000004,52.18079616838907
42075,12627.123984999997,CSB_field_modal,7106.512384999998,43.720261292738066
42077,4684.936375000001,Baseline,4684.936375000001,-36.56156995301769
42105,4300.020870000001,Baseline,4300.020870000001,-22.16768520009527
42117,11286.356475,Baseline,11286.356475,-4.512391143484597
45011,5402.254270000001,Baseline,5402.254270000001,-4.705396530696807
45037,6121.83907,MMU_35ac_nb4_w3_iter3,5928.50204,3.1581527673186613
46003,25039.618279999995,MMU_15ac_nb4_w3_iter3,22223.652790000007,11.246040009520412
46005,56750.12713,CSB_field_modal,55730.223660000025,1.797182705271546
46009,22008.723149999987,CSB_field_modal,12168.85637499998,44.70893975964258
46013,54842.462599999926,CSB_field_modal,25387.037579999964,53.70915823900294
46015,38257.827315,MMU_35ac_nb4_w3_iter3,33999.185460000015,11.131426309016442
46037,18907.925795000003,MMU_15ac_nb8_w3_iter3,12840.990195000022,32.08673265263352
46039,50019.598315,MMU_35ac_nb4_w3_iter3,49626.848745,0.7851913714433252
46043,15658.161845000004,MMU_35ac_nb4_w3_iter3,13233.611555000009,15.48425871440464
46061,5637.687819999993,Baseline,5637.687819999993,-4.197691545822571
46063,30682.61703,Baseline,30682.61703,-5.786995542993949
46067,5320.503149999995,Baseline,5320.503149999995,-39.2707412455903
46073,41320.321185,CSB_field_modal,41075.46429,0.5925822645562612
46077,12534.509200000011,Baseline,12534.509200000011,-8.427743225877494
46081,8001.284865,Baseline,8001.284865,-0.3835697705783344
46109,36725.82144500002,MMU_35ac_nb4_w3_iter3,27186.410315000012,25.97467055784192
46125,14442.739460000006,CSB_field_modal,12034.59000000004,16.673772082294178
46129,13904.562374999983,Baseline,13904.562374999983,-10.941762523468215
47043,1292.998445,CSB_field_modal,1234.730955,4.506385156557552
47047,13185.197049999992,MMU_5ac_nb4_w3_iter3,10273.824105000003,22.080617634758763
47051,3617.447495,Baseline,3617.447495,-19.789196000479837
47069,9166.69587,MMU_15ac_nb4_w3_iter3,6683.210905,27.092476942839813
47111,9108.81868,CSB_field_modal,8809.030219999999,3.2911892368462445
47161,1869.15644,MMU_15ac_nb4_w3_iter3,1205.101,35.52701238854038
47169,1937.450935,MMU_35ac_nb4_w3_iter3,1565.161705,19.215414608680145
48015,5158.281690000001,MMU_35ac_nb4_w9_iter3,1724.725285000001,66.56395697924748
48027,44935.869155,MMU_35ac_nb4_w3_iter3,23481.64590000001,47.744093212032105
48059,42035.62506,MMU_35ac_nb4_w3_iter3,23186.759230000003,44.84021779882152
48071,16817.43518,MMU_35ac_nb4_w3_iter3,9855.13731,41.39928470353111
48097,37156.13462,MMU_35ac_nb4_w3_iter3,21563.353985000005,41.965561796104815
48115,211533.63481,MMU_25ac_nb4_w3_iter3,207301.68035500005,2.0006059361675996
48131,15466.273645,MMU_35ac_nb4_w9_iter3,10166.156005,34.268872785096775
48143,14463.744135,MMU_25ac_nb4_w3_iter3,2061.0115849999997,85.75049748002198
48171,3625.445115000001,MMU_2ac_nb8_w3_iter3,2001.3960799999995,44.795852191517746
48177,2914.395745,MMU_15ac_nb4_w3_iter3,480.5048650000005,83.51271045380969
48193,20105.17065,MMU_35ac_nb4_w3_iter3,6676.5656400000025,66.79179820838773
48197,79062.57912000001,MMU_35ac_nb4_w3_iter3,64527.95389500001,18.383697302537477
48233,36519.968635000005,MMU_15ac_nb4_w3_iter3,33816.09022500001,7.403835520846148
48237,20579.983665000003,MMU_35ac_nb4_w3_iter3,9641.0408,53.15331169870489
48251,23006.713085,MMU_35ac_nb4_w3_iter3,10486.807825,54.41848739428482
48255,10504.887685000002,MMU_35ac_nb8_w9_iter3,917.2263049999992,91.26857580486354
48257,13693.090180000005,MMU_35ac_nb4_w3_iter3,4760.150215000001,65.23684462435929
48259,2330.2470500000004,MMU_35ac_nb4_w9_iter3,737.00927,68.37205437080159
48265,1615.276655,MMU_35ac_nb8_w9_iter3,272.93626,83.10281652649773
48271,2447.6341850000003,MMU_35ac_nb4_w9_iter3,1019.858285,58.33289585306228
48279,171813.780175,Baseline,171813.780175,-0.4900581717848222
48281,9054.871455,MMU_35ac_nb4_w3_iter3,3691.10375,59.23626560196154
48285,2721.0629,MMU_5ac_nb4_w3_iter3,1377.2945399999994,49.38395066133901
48291,12155.537245,MMU_35ac_nb4_w3_iter3,8525.239765,29.865380746484643
48295,4597.8628,MMU_5ac_nb8_w9_iter3,1138.496104999997,75.2385803030052
48305,192312.00725500003,MMU_15ac_nb4_w3_iter3,190817.06806500003,0.7773509368126756
48309,15206.353275000003,MMU_5ac_nb4_w3_iter3,3205.0077850000166,78.92323210543053
48367,11167.586905000002,MMU_35ac_nb4_w3_iter3,5017.030785,55.07506834127475
48369,172601.35408000005,MMU_25ac_nb4_w3_iter3,162688.037235,5.743475709005885
48375,18065.988015000003,MMU_35ac_nb4_w3_iter3,12654.862765,29.95200287693759
48381,104979.836015,MMU_35ac_nb4_w3_iter3,92468.5605,11.917789158303064
48393,7770.046030000002,MMU_35ac_nb4_w3_iter3,4762.376050000001,38.70852203947626
48397,13378.15101,MMU_35ac_nb4_w3_iter3,11359.2492,15.091037681447128
48407,717.08551,MMU_15ac_nb4_w3_iter3,483.793155,32.53340804501823
48415,78933.914175,MMU_35ac_nb4_w3_iter3,60880.11047000001,22.872049224587933
48417,27531.54343,MMU_35ac_nb4_w9_iter3,15886.05165,42.2987247685881
48425,1743.69969,MMU_35ac_nb4_w3_iter3,675.981295,61.232929106043485
48429,21303.82655,MMU_35ac_nb4_w3_iter3,8476.527740000001,60.21124317687425
48435,681.195885,MMU_35ac_nb4_w3_iter3,140.99843,79.3013385569703
48437,180203.791715,MMU_35ac_nb4_w3_iter3,167990.52550000002,6.7774746018195815
48441,74799.50916,MMU_35ac_nb4_w3_iter3,53498.738455000006,28.477153051147106
48445,235206.79947,MMU_5ac_nb4_w3_iter3,234048.12152,0.4926209414910211
48461,7433.887105,MMU_35ac_nb4_w3_iter3,5667.403620000001,23.76258154111421
48483,34878.238785,MMU_35ac_nb4_w3_iter3,23305.91496,33.17920923798732
48485,57060.915955,MMU_35ac_nb4_w3_iter3,40634.82125500001,28.786945363712917
48489,17754.530745000004,MMU_35ac_nb4_w3_iter3,11874.445880000012,33.1187849988991
48493,14446.765855000003,MMU_25ac_nb4_w9_iter3,3872.6677299999974,73.19353155668628
49039,28929.685655,MMU_35ac_nb4_w3_iter3,15776.800565000003,45.465012122337896
49053,4796.29723,Baseline,4796.29723,-8.290609212306888
50019,2563.4845499999988,Baseline,2563.4845499999988,-13.563126994465454
51025,6890.706565,MMU_5ac_nb4_w3_iter3,5391.9866600000005,21.74987268522585
51071,293.90365,Baseline,293.90365,-12.107097002708183
51075,4804.22244,CSB_field_modal,4757.297095,0.9767521297369444
51089,632.677995,MMU_2ac_nb8_w3_iter3,238.37166,62.323383793362375
51115,1649.37749,MMU_15ac_nb8_w3_iter3,24.242520000000063,98.53020183996811
51125,2866.6919150000003,MMU_35ac_nb4_w9_iter3,2066.29231,27.92067054055929
51135,6004.394075,CSB_field_modal,5820.7867400000005,3.0578828222562975
51137,4257.32352,CSB_field_modal,3294.7032199999994,22.61092668851251
51149,3209.3524449999986,MMU_15ac_nb8_w3_iter3,2255.2778950000006,29.727945632346977
51165,6296.467790000004,Baseline,6296.467790000004,-7.691682799825709
51193,13840.991700000002,MMU_15ac_nb8_w3_iter3,13158.23905,4.932830427172377
51550,6570.629725000002,MMU_5ac_nb8_w3_iter3,5646.5785000000005,14.063358668411356
54049,6.0419999999999945,Baseline,6.0419999999999945,-923.885220125787
54053,5665.819219999999,CSB_field_modal,5079.14121,10.354689890723346
54055,493.77137,MMU_1ac_nb8_w3_iter3,456.05444,7.638541294931702
54061,232.47592,Baseline,232.47592,-61.41607698552176
54069,1591.2722600000002,Baseline,1591.2722600000002,-3.8294031468882577
54079,1715.393355,MMU_25ac_nb8_w9_iter3,1433.6188900000002,16.426230414073157
54089,331.26592,MMU_2ac_nb8_w3_iter3,247.423005,25.309852278193897
54097,562.24886,Baseline,562.24886,-18.9070743513824
54101,126.195945,MMU_5ac_nb8_w9_iter3,23.894245,81.06575849168529
55001,20904.469074999997,MMU_25ac_nb4_w3_iter3,17348.373025000004,17.0111761137851
55017,28544.552719999992,MMU_5ac_nb4_w3_iter3,24725.140989999993,13.380527512431104
55019,58351.36718499999,MMU_15ac_nb4_w3_iter3,37832.96259999999,35.163536991254134
55021,16136.439999999991,MMU_5ac_nb4_w3_iter3,15262.65004499999,5.4150107148788855
55025,17136.352815000013,MMU_1ac_nb8_w3_iter3,16302.994309999987,4.8631031001565255
55045,20239.23163499999,CSB_field_modal,15947.297764999996,21.20601190500677
55053,15120.128394999992,CSB_field_modal,5163.726639999997,65.84865878713327
55077,14135.876480000004,MMU_15ac_nb4_w3_iter3,7757.252935000002,45.12365083286296
55079,4582.630685,MMU_35ac_nb4_w9_iter3,1977.7180500000004,56.843171838535355
55131,11320.118854999995,CSB_field_modal,4746.345049999996,58.07159703183171
55139,26186.128909999996,MMU_35ac_nb4_w3_iter3,14301.340110000005,45.385817968158754
56017,6258.099894999999,CSB_field_modal,5995.673795000001,4.19338304602118
56025,10851.24206,CSB_field_modal,9904.951334999998,8.72057520943369
01007,835.433815,MMU_35ac_nb4_w9_iter3,282.77291,66.15256589775457
01059,4714.263605,CSB_field_modal,4658.581360000001,1.1811440696897382
01081,2824.85208,MMU_35ac_nb8_w9_iter3,2185.911245,22.61855902203559
01093,4087.37254,MMU_35ac_nb4_w9_iter3,1018.988725,75.06983483820147
01127,1029.4647650000002,MMU_2ac_nb8_w3_iter3,120.60652500000006,88.28454075356332
04011,1396.5580800000002,MMU_25ac_nb4_w9_iter3,911.29219,34.747275960051724
04019,5632.226725,MMU_35ac_nb4_w3_iter3,4486.22529,20.347217733852865
04023,1765.42281,MMU_35ac_nb4_w9_iter3,678.578445,61.5628368934465
05027,52.93001,MMU_1ac_nb8_w3_iter1,14.678070000000002,72.26890756302521
05059,1972.63121,MMU_35ac_nb4_w9_iter3,1117.522435,43.3486386439156
05071,2986.422915,MMU_15ac_nb4_w3_iter3,2655.943945,11.066047221245633
05111,39561.31279,MMU_15ac_nb4_w3_iter3,36912.810735000014,6.694676865398295
05129,1.222395,Baseline,1.222395,NA
05135,59.670295,MMU_15ac_nb4_w3_iter3,55,7.826834105646703
05141,84.22084,Baseline,84.22084,NA
06031,62770.02674000002,MMU_15ac_nb4_w3_iter3,50348.952875,19.78822458758764
06073,29944.133775,Baseline,29944.133775,-0.03787768611116133
08017,17066.99939500002,MMU_35ac_nb4_w3_iter3,8451.194700000024,50.48224644294589
08039,27374.936190000004,MMU_2ac_nb8_w3_iter3,22716.292310000004,17.017916855279434
08061,29466.08431000001,MMU_35ac_nb4_w3_iter3,16749.760605000003,43.15579759840849
08081,33124.699665,MMU_35ac_nb4_w3_iter3,16414.384155000003,50.44669288777384
08087,25062.403549999995,MMU_35ac_nb4_w3_iter3,11824.34117500002,52.82040227542334
08103,13603.428665,MMU_35ac_nb4_w3_iter3,6319.770020000002,53.54281500913063
08115,25263.564345000003,MMU_35ac_nb4_w3_iter3,22725.81499999999,10.045096211858418
08125,94938.58585000005,MMU_35ac_nb4_w3_iter3,87946.04226000003,7.365333628465885
09013,1373.9916850000002,Baseline,1373.9916850000002,-5.5370728098692945
09015,3764.296135000001,MMU_5ac_nb4_w3_iter3,1606.175055,57.331331080305674
12019,1586.69824,MMU_5ac_nb4_w3_iter3,1145.46656,27.80816596859652
12051,26841.663499999995,CSB_field_modal,14571.019374999987,45.71491675618394
12067,2941.587775,MMU_5ac_nb8_w9_iter3,2801.923715,4.747914075078044
12085,13891.355545000002,MMU_35ac_nb4_w9_iter3,6188.259930000003,55.452440116779094
12111,50377.950110000005,MMU_35ac_nb4_w9_iter3,38926.831560000006,22.730417821679012
12127,2162.4195500000005,MMU_1ac_nb8_w3_iter3,274.5083950000001,87.30549790858115
13005,6075.091930000003,MMU_35ac_nb4_w3_iter3,3419.173015,43.7181683109115
13045,203.15864,Baseline,203.15864,-41.598083153145744
13083,665.51626,MMU_25ac_nb4_w9_iter3,110.41834,83.40861874659531
13125,1874.729175,MMU_35ac_nb4_w9_iter3,1296.502175,30.84322832923321
13161,8923.055615,CSB_field_modal,6626.1600549999985,25.741132400192953
13187,98.34838,Baseline,98.34838,-52.89698213636054
13223,120.09019,MMU_15ac_nb4_w3_iter3,11.56143,90.37271071017544
16011,20112.244789999997,MMU_35ac_nb4_w9_iter3,9801.345405,51.2667755024873
16047,22973.522619999996,CSB_field_modal,20294.10765999999,11.663056660137052
16065,14435.44913500001,MMU_35ac_nb4_w3_iter3,8225.291155000006,43.0201923190802
17011,40989.3163,MMU_25ac_nb4_w3_iter3,34359.72135,16.17395835899805
17023,33238.45811499999,CSB_field_modal,23376.351839999996,29.670769446881724
17041,16377.830729999992,CSB_field_modal,10237.282385,37.49305049143097
17051,19052.443425,MMU_35ac_nb4_w9_iter3,8127.1560949999875,57.34323459879273
17075,13103.871970000004,Baseline,13103.871970000004,-7.330077760214816
17091,21253.53627500001,MMU_35ac_nb4_w3_iter3,14524.753155,31.659593175159767
17099,38269.16385,CSB_field_modal,30270.727675,20.900472783650837
17105,35596.03594499997,CSB_field_modal,17844.467044999965,49.86951054726501
17135,28184.063124999982,CSB_field_modal,19714.03606000001,30.052540783187663
17155,14722.037255,MMU_35ac_nb4_w3_iter3,11339.854094999995,22.973608213437466
17163,47779.35758,CSB_field_modal,32112.074619999992,32.790903338889144
17169,3854.918235000005,MMU_1ac_nb8_w3_iter1,3647.4236999999994,5.382592375529476
17173,13847.12812999999,CSB_field_modal,5975.535970000014,56.84638782930062
17193,57330.052099999986,CSB_field_modal,45063.411085,21.396528636679875
17195,24509.27058999999,CSB_field_modal,13605.021344999986,44.49030502543408
18013,865.7601099999999,MMU_15ac_nb8_w3_iter3,370.54619499999984,57.19989975052097
18025,2386.1299900000004,MMU_15ac_nb8_w3_iter3,716.8331200000003,69.95833743324266
18047,9220.523384999997,CSB_field_modal,6704.890639999996,27.282971258360956
18057,7733.437510000001,Baseline,7733.437510000001,-7.712784763938758
18089,8678.035484999995,CSB_field_modal,7985.942244999993,7.975229430627317
18091,13395.846540000006,MMU_35ac_nb8_w3_iter3,5727.164339999994,57.246715816737094
18101,4526.0170849999995,CSB_field_modal,1643.1106999999977,63.69632130984328
18115,2034.208865,CSB_field_modal,1540.9367549999995,24.248842805038123
18129,74704.9145,CSB_field_modal,65853.81589499999,11.84808076448573
18157,17996.925320000002,MMU_5ac_nb8_w3_iter3,17806.110410000005,1.0602639429077794
18169,9450.779700000005,MMU_25ac_nb4_w3_iter3,7089.598225000006,24.983985977368576
18173,11851.49589,CSB_field_modal,6456.193189999995,45.52423381889225
18177,25388.062680000003,MMU_35ac_nb4_w3_iter3,16189.360690000009,36.23239041885016
19003,21594.87606000001,MMU_35ac_nb4_w3_iter3,15628.685395000004,27.627806931715263
19023,48749.250174999994,CSB_field_modal,31125.336005000005,36.152174867785014
19031,8798.778835000014,MMU_5ac_nb4_w3_iter3,8045.304575000007,8.563395831735388
19033,26367.572255000003,CSB_field_modal,12863.525459999975,51.214600511578354
19057,11954.60343,MMU_15ac_nb8_w9_iter3,9519.33456,20.37097160319603
19071,30720.20093499999,CSB_field_modal,15410.529134999992,49.835845255027145
19073,20652.98085499999,CSB_field_modal,9889.730039999997,52.11475714119138
19091,20572.77833500001,MMU_35ac_nb4_w3_iter3,16387.52683000002,20.343637776331427
19109,24958.404699999977,CSB_field_modal,9923.53175499998,60.23971934792775
19115,19934.064740000013,MMU_35ac_nb4_w3_iter3,8988.005235000015,54.91132715665091
19149,58837.42002999998,CSB_field_modal,37957.64305999997,35.48724087384157
19153,12494.711344999996,CSB_field_modal,4858.111834999987,61.11865491839429
19159,30135.514845000005,MMU_35ac_nb4_w3_iter3,20276.744495000006,32.714789844168656
19179,8534.45464999999,Baseline,8534.45464999999,-12.524150503278053
19181,8631.41777499999,Baseline,8631.41777499999,-24.37136441353638
19197,27557.21213499999,CSB_field_modal,16244.200879999982,41.05281477523456
20005,11634.968524999997,MMU_5ac_nb4_w3_iter3,10678.447629999995,8.22108708712642
20011,14496.875375,CSB_field_modal,11117.40268,23.31173171860145
20013,20325.771415000003,MMU_25ac_nb4_w9_iter3,8073.694010000003,60.27853582943582
20039,54985.34698500002,MMU_35ac_nb4_w3_iter3,44713.27797500001,18.68146619644361
20041,47766.32439999998,CSB_field_modal,40251.59735,15.732269845740904
20049,4551.523039999998,Baseline,4551.523039999998,-0.8911401665672273
20079,72661.891885,CSB_field_modal,70251.407775,3.317397947489465
20089,32532.737935000005,MMU_35ac_nb4_w3_iter3,20372.84652,37.37739946541024
20097,10310.923514999991,CSB_field_modal,2911.3970749999953,71.76395430763704
20117,37532.76060999998,MMU_25ac_nb4_w9_iter3,21354.400724999992,43.104636115387514
20139,82982.82052,CSB_field_modal,67121.16433,19.11438547232451
20141,65551.63010500002,MMU_35ac_nb4_w3_iter3,51410.274855,21.57285063292633
20165,8913.562720000018,MMU_25ac_nb4_w9_iter3,7530.488214999998,15.516517339320608
20171,21760.073165,MMU_35ac_nb4_w3_iter3,17709.148240000006,18.616320332579143
20193,61447.77637500003,MMU_25ac_nb4_w3_iter3,61161.77640500004,0.4654358332750864
20201,37671.129434999995,CSB_field_modal,32016.398449999997,15.010781651123589
20205,25864.452605,Baseline,25864.452605,-1.5030144497426892
21009,22037.976014999997,CSB_field_modal,17149.956309999998,22.17998468495021
21035,60487.23824,CSB_field_modal,50743.22370999999,16.10920718737052
21041,3595.28337,CSB_field_modal,3225.66288,10.280705356473751
21045,12142.805015,CSB_field_modal,11420.24366,5.950530821399345
21047,107524.84745,CSB_field_modal,91823.093265,14.602907660298191
21053,1974.953605,CSB_field_modal,1648.032955,16.55333316045164
21057,1872.6465500000004,MMU_35ac_nb4_w3_iter3,421.5411849999999,77.48954894878588
21081,4170.867855,Baseline,4170.867855,-2.564741888711796
21083,49801.92819,CSB_field_modal,41856.085645,15.954889366302677
21111,1673.05311,CSB_field_modal,1575.19931,5.848816120368111
21113,4513.17745,Baseline,4513.17745,-4.74535706545286
21143,3331.6856899999993,MMU_15ac_nb4_w9_iter3,1396.35602,58.088602889788206
21161,17557.28554,Baseline,17557.28554,-4.965393984245703
21169,4644.698645,Baseline,4644.698645,-6.966753921663736
21171,12557.16561,CSB_field_modal,12401.48911,1.23974234978653
21185,4749.207399999999,CSB_field_modal,3913.0022,17.607258002672193
21201,1658.381035,Baseline,1658.381035,-1.1264709138452005
21227,40999.93302,CSB_field_modal,34337.646005,16.249507070536186
22007,2746.454315,MMU_5ac_nb4_w3_iter3,2434.656525000004,11.352738995041175
25013,3191.596955,MMU_15ac_nb8_w3_iter3,1856.19928,41.8410499141487
25017,2230.15695,MMU_1ac_nb8_w3_iter3,2197.735755,1.453762929106854
26001,11410.43756,MMU_35ac_nb4_w3_iter3,3062.4567950000005,73.1609171085986
26027,8504.50745,MMU_5ac_nb8_w9_iter3,4355.349179999988,48.787755133308885
26045,9956.832095000009,MMU_1ac_nb8_w3_iter1,5648.59615500001,43.2691432264229
26061,1850.195795,MMU_2ac_nb8_w3_iter3,1489.24871,19.508588549137848
26067,30359.19901000001,MMU_35ac_nb4_w9_iter3,13351.318989999996,56.02216321450969
26069,9173.48001,MMU_25ac_nb4_w3_iter3,1419.9007300000007,84.52167848567643
26077,7300.149709999991,MMU_2ac_nb8_w3_iter3,5565.246314999995,23.765312547268262
26089,19595.559265000004,MMU_35ac_nb4_w3_iter3,8520.955450000003,56.51588538623932
26095,867.0513149999999,MMU_25ac_nb8_w9_iter3,710.040445,18.108601795961757
26117,28293.89524500001,MMU_25ac_nb4_w9_iter3,6003.595615000006,78.78130401270593
26129,24149.555925,MMU_35ac_nb4_w3_iter3,10162.547105,57.91828579970048
26145,12702.407039999998,MMU_5ac_nb4_w3_iter3,2781.888229999975,78.09951908138527
26157,22841.29135999999,MMU_5ac_nb4_w3_iter3,18759.675925000003,17.86946005227958
26165,7658.871735,MMU_25ac_nb4_w9_iter3,872.8676500000001,88.60318229366456
27035,2281.2510850000012,Baseline,2281.2510850000012,-46.33155670367596
27041,29562.40909500001,MMU_35ac_nb4_w3_iter3,12739.395100000003,56.906776240524096
27079,10727.062434999989,CSB_field_modal,2387.472329999998,77.74346570212722
27135,31331.549669999993,MMU_5ac_nb4_w3_iter3,24961.34196,20.331607523707895
27153,29162.586375,CSB_field_modal,16960.94685,41.84004590024981
27157,18594.99027999999,CSB_field_modal,6126.6369999999915,67.0522172491289
27169,31439.814560000003,CSB_field_modal,20791.764354999992,33.86804392462043
28015,7066.776,CSB_field_modal,6038.421519999998,14.551960894189964
28037,1712.1633949999998,CSB_field_modal,1609.4169049999998,6.0009745740417495
28081,21937.271275,CSB_field_modal,16264.19722,25.86043625883912
28093,14276.08552,CSB_field_modal,9803.944465,31.32610160351575
28113,940.53021,MMU_35ac_nb4_w9_iter3,649.1492499999999,30.98049981828867
28125,16686.816645000006,MMU_35ac_nb4_w3_iter3,15699.382844999996,5.917448612320444
28127,4111.89755,CSB_field_modal,3987.80114,3.017983996220916
28141,3920.109374999999,CSB_field_modal,3257.8170649999997,16.89474059636411
29003,19296.418305000007,MMU_25ac_nb4_w3_iter3,17053.56473,11.623160005910764
29043,4587.3621650000005,MMU_15ac_nb4_w3_iter3,4050.855385,11.69532207623289
29047,2914.285420000001,Baseline,2914.285420000001,-12.080192371823296
29075,14179.944460000002,MMU_35ac_nb4_w9_iter3,10369.873320000002,26.86943627140272
29093,245.617395,MMU_25ac_nb4_w3_iter3,64.36547,73.79441712587172
29115,14550.211810000004,CSB_field_modal,13669.782345000009,6.050973528748883
29123,1558.56303,CSB_field_modal,1504.29865,3.481693005383303
29141,16440.907155,CSB_field_modal,14083.29776,14.339898478673698
29151,7231.838794999999,CSB_field_modal,6307.472524999999,12.781898161766197
29177,8948.049449999993,MMU_5ac_nb4_w3_iter3,7705.083795,13.890911778544014
31039,31212.70852000002,CSB_field_modal,24364.054494999997,21.941876721821945
31061,22620.039825,MMU_35ac_nb4_w3_iter3,16068.950310000013,28.961441118948116
31105,48034.17936,CSB_field_modal,42609.298125,11.29379393440314
31131,40225.40035,CSB_field_modal,22051.280950000008,45.18070483293522
31133,34672.46790999999,CSB_field_modal,22169.42100999999,36.06044695882164
31149,12619.61557,MMU_35ac_nb4_w9_iter3,11531.458995,8.622739488093618
31163,23374.76293500001,MMU_35ac_nb4_w3_iter3,21252.89224000001,9.077613753347764
32005,4653.29137,CSB_field_modal,4613.4826649999995,0.8554956445807212
33001,757.73399,MMU_2ac_nb8_w3_iter3,502.20213500000006,33.723161211231925
33003,861.894125,MMU_35ac_nb4_w3_iter3,358.54585000000003,58.40024434555694
34037,3362.3508900000006,MMU_5ac_nb8_w9_iter3,3129.7257199999995,6.918527471117112
35031,660.009345,Baseline,660.009345,-8.35654228501871
35049,5698.383185000001,MMU_2ac_nb8_w3_iter3,5118.55968,10.175228414373477
36011,40987.57077000001,MMU_35ac_nb4_w3_iter3,16108.24212,60.699690619893765
36015,3158.106755,MMU_5ac_nb4_w3_iter3,3054.025895,3.295672631560534
36027,8376.171985,MMU_2ac_nb8_w3_iter3,2011.671875000001,75.98339816084852
36049,8089.311185000001,MMU_15ac_nb8_w3_iter3,6626.647309999999,18.081439093506724
36057,17857.492075000002,MMU_15ac_nb8_w3_iter3,15472.507895,13.35565022223314
36069,23728.745129999996,MMU_15ac_nb4_w3_iter3,5738.278325000007,75.81718589178504
36073,19200.29028,MMU_5ac_nb4_w3_iter3,11326.487635,41.00876877471876
36083,4898.118989999999,CSB_field_modal,1956.8774900000012,60.048388085402514
36095,4225.330255000001,Baseline,4225.330255000001,-22.5167206486206
36107,3653.6289500000007,Baseline,3653.6289500000007,-10.822618153384171
36121,48306.25392500001,MMU_35ac_nb4_w3_iter3,27501.962629999995,43.06749044813251
37005,9042.343475,MMU_1ac_nb8_w3_iter3,8496.80854,6.033114496350181
37035,4911.496985000001,Baseline,4911.496985000001,-0.7769359345335759
37045,13433.06143,CSB_field_modal,11595.171045,13.681843074844016
37063,974.16504,CSB_field_modal,836.0577449999998,14.176991508543582
37071,2846.9577,MMU_15ac_nb4_w3_iter3,1883.99725,33.824192400189155
37143,29097.485595,Baseline,29097.485595,-3.053418557762505
37183,11393.19283,Baseline,11393.19283,-4.6106724676580315
37189,3286.0746999999997,Baseline,3286.0746999999997,-10.307361089509016
38017,43136.160199999984,CSB_field_modal,27166.84358999996,37.02071889560543
38047,56444.376809999994,CSB_field_modal,38084.77997999998,32.5268837528335
38075,16362.098514999998,Baseline,16362.098514999998,-16.260208814663983
38093,109197.27462999996,Baseline,109197.27462999996,-5.91927619247033
39001,12834.617555,CSB_field_modal,9573.862065,25.405941984844745
39013,6428.6532799999995,Baseline,6428.6532799999995,-6.188926944275954
39015,14293.521195,CSB_field_modal,8926.131389999999,37.55120751405583
39027,10332.240075,Baseline,10332.240075,-4.266130933857508
39055,13581.292535,Baseline,13581.292535,-1.056193838917268
39065,19477.343235000004,MMU_35ac_nb4_w3_iter3,12820.014380000006,34.17986105536738
39071,26929.948535000003,CSB_field_modal,15602.259209999997,42.06353870404827
39097,16459.45055999999,CSB_field_modal,11027.823405,33.000051461013015
39105,2124.9779150000004,Baseline,2124.9779150000004,-6.279453497284917
39113,18362.135789999997,CSB_field_modal,12294.31061,33.045312644428485
39129,30621.734944999997,CSB_field_modal,20767.412494999982,32.180810354800144
39143,23514.988009999994,MMU_35ac_nb4_w3_iter3,19190.739630000007,18.38932844941727
39145,3313.114304999999,Baseline,3313.114304999999,-23.42685698554555
39153,3144.3783299999996,CSB_field_modal,2837.9180199999996,9.74629252072222
40015,98189.070035,MMU_35ac_nb4_w3_iter3,75394.02732499999,23.2154584027271
40021,1375.35913,MMU_35ac_nb4_w3_iter3,745.758885,45.7771524009151
40025,48458.28404500002,MMU_35ac_nb4_w3_iter3,36505.442375,24.6662503750653
40037,3746.273785,MMU_5ac_nb8_w9_iter3,3647.085615,2.64764872223561
40059,40068.13683,MMU_35ac_nb4_w3_iter3,28311.447550000008,29.341741868060783
40083,34731.273395000004,MMU_35ac_nb4_w3_iter3,20202.759085,41.831216911533
40103,37434.322300000014,MMU_35ac_nb4_w3_iter3,26386.183490000007,29.51339340795279
40131,12635.915595,MMU_35ac_nb8_w3_iter3,10535.39482,16.623415685296056
40137,38298.24189,MMU_35ac_nb4_w3_iter3,24351.467745,36.41622554126075
40147,15098.429835,MMU_35ac_nb4_w3_iter3,14020.926060000002,7.136528677321231
41027,3497.929505,CSB_field_modal,3177.235914999999,9.1680975714803985
41037,22451.189250000003,MMU_35ac_nb4_w9_iter3,11224.022465000004,50.007002568917336
41041,47.63141999999999,Baseline,47.63141999999999,-4.202173691231552
41059,25823.073330000043,MMU_25ac_nb4_w3_iter3,4427.509760000001,82.85444298817706
42057,7482.993710000001,CSB_field_modal,6450.751399999999,13.794509924825268
42065,1804.6371849999991,Baseline,1804.6371849999991,-46.49417827439931
42085,22074.105710000003,MMU_15ac_nb4_w9_iter3,10670.999875000003,51.658291324727
45019,1511.62852,Baseline,1511.62852,-9.033339090479709
46011,39700.787455,MMU_35ac_nb4_w3_iter3,33401.449080000006,15.867036345664836
46017,10465.934359999996,MMU_35ac_nb4_w3_iter3,8587.852539999996,17.94471239164166
46031,62834.780929999986,Baseline,62834.780929999986,-3.304739507747066
46033,6369.383505,CSB_field_modal,6165.669685,3.1983286897402703
46053,50660.508964999994,CSB_field_modal,37526.305055,25.925921745227768
46069,37440.959995,MMU_35ac_nb4_w3_iter3,35502.342780000006,5.177797832264129
46071,41779.567435,MMU_35ac_nb4_w3_iter3,36237.26164,13.26558922282439
46089,64921.24917000001,MMU_15ac_nb4_w9_iter3,58623.22660999999,9.701018758139243
46102,10948.432520000004,MMU_35ac_nb4_w3_iter3,9516.431115,13.079510718854966
46115,65594.79823000001,MMU_35ac_nb4_w3_iter3,53274.33762500004,18.78267932435711
46119,29281.381089999963,CSB_field_modal,11812.921024999969,59.65722727117452
47017,25686.774595000003,CSB_field_modal,17602.798904999996,31.471353712013237
47039,2553.484290000001,MMU_15ac_nb8_w9_iter3,1165.0966200000005,54.37228164814752
47067,77.51167,Baseline,77.51167,-17.50200324673692
47071,5116.5896550000025,MMU_15ac_nb4_w3_iter3,3871.4000499999984,24.33631948153566
47095,11661.879839999994,CSB_field_modal,8720.928359999998,25.218502680096204
47099,22630.722445,CSB_field_modal,16833.774375,25.61539113074478
47125,19215.102895,CSB_field_modal,16220.125655000002,15.586579246366286
47153,213.825765,Baseline,213.825765,-14.977091278031931
47179,4357.51505,CSB_field_modal,4344.1713500000005,0.30622269451484246
48011,51413.760765000006,MMU_35ac_nb4_w3_iter3,43693.985525,15.014998173903765
48049,25657.61562,MMU_35ac_nb4_w3_iter3,8194.937825,68.06040769192877
48077,75516.88347500001,MMU_35ac_nb4_w3_iter3,56568.38468500001,25.091738321368787
48093,37599.343120000005,MMU_35ac_nb4_w9_iter3,20314.86045,45.970171911875674
48127,1643.8439750000002,MMU_15ac_nb8_w9_iter3,134.9173750000002,91.79256808724806
48145,114342.96717,MMU_35ac_nb4_w3_iter3,85401.593845,25.311021780614865
48155,56665.854515000014,MMU_35ac_nb4_w3_iter3,50721.236165,10.490653323557328
48159,1166.61753,CSB_field_modal,1161.2800499999998,0.4575175550465161
48163,38736.21372,CSB_field_modal,38297.428385,1.1327522565104218
48195,53953.379194999994,MMU_35ac_nb4_w3_iter3,49343.04087500002,8.545040901584956
48209,7108.774729999999,MMU_35ac_nb4_w9_iter3,4289.25092,39.66258486291911
48221,5878.186195,MMU_35ac_nb8_w9_iter3,3038.532005,48.30834029067363
48263,25465.41842,MMU_35ac_nb4_w3_iter3,16891.20159,33.67004102813402
48269,23816.28055,MMU_35ac_nb4_w9_iter3,16286.875430000002,31.61452983471846
48275,104048.333475,MMU_35ac_nb4_w3_iter3,96142.41362,7.598314736006385
48293,37882.058505,MMU_35ac_nb4_w3_iter3,23022.73658,39.22522299847761
48299,1274.499125,MMU_15ac_nb4_w3_iter3,411.161735,67.73934740833973
48327,4415.249635,MMU_35ac_nb4_w9_iter3,513.1069650000003,88.37875528186301
48331,62583.13665,MMU_35ac_nb4_w3_iter3,37514.32746000001,40.05681167787872
48335,66913.98471,MMU_35ac_nb4_w3_iter3,51091.47004,23.646050580567792
48385,323.14928000000003,MMU_15ac_nb4_w9_iter3,160.13374499999998,50.44589144682605
48421,113621.04034,MMU_35ac_nb4_w3_iter3,106820.20124,5.985545528934721
48447,40085.96033,MMU_35ac_nb4_w3_iter3,24126.22794500001,39.81377084050015
48463,22347.312615000003,MMU_35ac_nb4_w3_iter3,12151.169050000002,45.62581524078259
48487,100875.32697,MMU_35ac_nb4_w3_iter3,87031.01582500001,13.724179698686138
48501,144574.52098000003,MMU_5ac_nb4_w3_iter3,143788.35465500003,0.5437793047287706
49011,5024.15859,MMU_15ac_nb8_w3_iter3,559.6480450000004,88.86086028188053
49031,3205.838755,MMU_35ac_nb4_w3_iter3,664.3086950000006,79.27816257246536
49037,16240.9247,MMU_35ac_nb4_w3_iter3,7320.661250000001,54.92460321548071
49041,10304.415515000002,MMU_35ac_nb4_w3_iter3,4112.261995000001,60.09223435318738
50005,1077.7383100000002,MMU_2ac_nb8_w3_iter3,609.3744400000003,43.45803296163795
50007,5290.343055,MMU_15ac_nb4_w3_iter3,3365.0695400000004,36.39222437910502
51011,3282.8214449999996,CSB_field_modal,3206.3175650000003,2.330430737149021
51049,1516.314155,Baseline,1516.314155,-4.414711475142828
51131,20253.834475000003,MMU_25ac_nb4_w3_iter3,18720.86574,7.568782774897242
51163,2920.630285,CSB_field_modal,2598.602325,11.025974826526188
51173,2119.7499,CSB_field_modal,1978.33407,6.671345048772026
51183,10128.61477,MMU_15ac_nb4_w3_iter3,6970.605770000002,31.17908096725844
51197,7125.843545,CSB_field_modal,6675.49367,6.319951766496436
51810,7949.32257,MMU_25ac_nb8_w3_iter3,7105.351915,10.616887760789409
53003,3539.116545,CSB_field_modal,2523.216184999999,28.70491398298953
54073,67.28926000000001,MMU_15ac_nb4_w9_iter3,23.922235,64.44865792847179
54077,3044.8836749999996,CSB_field_modal,2716.628655,10.780543857722234
54091,99.228615,MMU_1ac_nb8_w3_iter3,86.329705,12.999183753597686
55005,15362.974939999996,MMU_5ac_nb8_w3_iter3,13333.398169999991,13.210831742722377
55013,4069.436964999999,CSB_field_modal,3285.6698400000005,19.25984188331072
55041,3735.0882,MMU_35ac_nb4_w9_iter3,489.52722,86.89382435466986
55067,16695.046330000005,MMU_35ac_nb4_w3_iter3,7417.911379999999,55.56818930972084
55071,34781.306935000015,MMU_15ac_nb8_w9_iter3,26498.45764,23.81408297991552
55073,107945.750075,MMU_35ac_nb4_w3_iter3,36642.276110000006,66.05491546953799
55101,16672.025275000004,MMU_5ac_nb4_w3_iter3,13612.982050000002,18.348360049496147
55109,10941.006865000014,MMU_5ac_nb4_w3_iter3,1253.2582700000055,88.54531136426625
55117,18470.82014500001,MMU_25ac_nb8_w9_iter3,10721.438069999997,41.9547265046471
55123,51598.96757,CSB_field_modal,44882.86096499999,13.015970902690697
